,Match,Ground,Versus,Date,Wkts,Avg,WicketsCric,Overs,Runs,Econ,AvgCric,SR,5W
0,1.0,Punjab Cricket Association IS Bindra Stadium,Punjab Kings,2013-04-10,1.0,13.5,2,4,27,6.75,13.5,12,0
1,2.0,MA Chidambaram Stadium,Royal Challengers Bangalore,2013-04-13,3.0,13.4,3,4,40,10.0,13.3,8,0
2,3.0,MA Chidambaram Stadium,Pune Warriors,2013-04-15,6.0,13.14,2,4,25,6.25,12.5,12,0
3,4.0,Arun Jaitley Stadium,Delhi Capitals,2013-04-18,,15.0,1,2,13,6.5,13,12,0
4,5.0,Eden Gardens,Kolkata Knight Riders,2013-04-20,8.0,14.63,1,3,12,4.0,12,18,0
5,6.0,MA Chidambaram Stadium,Rajasthan Royals,2013-04-22,,18.63,0,3,32,10.67,-,-,0
6,7.0,MA Chidambaram Stadium,Sunrisers Hyderabad,2013-04-25,,21.63,0,3,24,8.0,-,-,0
7,8.0,MA Chidambaram Stadium,Kolkata Knight Riders,2013-04-28,9.0,22.44,1,3,29,9.67,29,18,0
8,9.0,Maharashtra Cricket Association Stadium,Pune Warriors,2013-04-30,10.0,22.3,1,3,21,7.0,21,18,0
9,10.0,MA Chidambaram Stadium,Punjab Kings,2013-05-02,,25.4,0,3,31,10.33,-,-,0
10,11.0,Wankhede Stadium,Mumbai Indians,2013-05-05,,26.8,0,3,14,4.67,-,-,0
11,12.0,Rajiv Gandhi International Stadium,Sunrisers Hyderabad,2013-05-08,11.0,26.55,1,2,24,12.0,24,12,0
12,13.0,Sawai Mansingh Stadium,Rajasthan Royals,2013-05-12,12.0,27.33,1,4,36,9.0,36,24,0
13,14.0,M Chinnaswamy Stadium,Royal Challengers Bangalore,2013-05-18,,29.17,0,2,22,11.0,-,-,0
14,15.0,Arun Jaitley Stadium,Mumbai Indians,2013-05-21,13.0,28.92,1,3,26,8.67,26,18,0
15,16.0,Eden Gardens,Mumbai Indians,2013-05-26,14.0,28.64,1,4,25,6.25,25,24,0
16,17.0,Maharashtra Cricket Association Stadium,Punjab Kings,2015-04-10,,30.14,0,4,21,5.25,-,-,0
17,18.0,Arun Jaitley Stadium,Delhi Capitals,2015-04-12,15.0,28.56,2,4,35,8.75,17.5,12,0
18,19.0,Sardar Patel Stadium,Mumbai Indians,2015-04-14,17.0,28.88,1,4,34,8.5,34,24,0
19,20.0,Dr YS Rajasekhara Reddy Cricket Stadium,Sunrisers Hyderabad,2015-04-16,,30.24,0,3,23,7.67,-,-,0
20,21.0,Sardar Patel Stadium,Chennai Super Kings,2015-04-19,18.0,29.61,1,4,19,4.75,19,24,0
21,22.0,Sardar Patel Stadium,Punjab Kings,2015-04-21,19.0,29.84,1,4,34,8.5,34,24,0
22,23.0,Sardar Patel Stadium,Royal Challengers Bangalore,2015-04-24,,31.05,0,3,23,7.67,-,-,0
23,24.0,Brabourne Stadium,Sunrisers Hyderabad,2015-05-07,,33.05,0,4,38,9.5,-,-,0
24,25.0,MA Chidambaram Stadium,Chennai Super Kings,2015-05-10,20.0,29.41,3,4,19,4.75,6.3,8,0
25,26.0,Brabourne Stadium,Kolkata Knight Riders,2015-05-16,23.0,25.77,4,4,23,5.75,5.8,6,0
26,27.0,Maharashtra Cricket Association Stadium,Royal Challengers Bangalore,2015-05-20,27.0,26.37,1,4,42,10.5,42,24,0
27,28.0,Eden Gardens,Kolkata Knight Riders,2016-04-10,,27.15,0,4,21,5.25,-,-,0
28,29.0,Arun Jaitley Stadium,Punjab Kings,2016-04-15,28.0,26.86,1,4,19,4.75,19,24,0
29,30.0,M Chinnaswamy Stadium,Royal Challengers Bangalore,2016-04-17,,27.89,0,4,29,7.25,-,-,0
30,31.0,Arun Jaitley Stadium,Mumbai Indians,2016-04-23,29.0,27.86,1,4,27,6.75,27,24,0
31,32.0,Arun Jaitley Stadium,Gujarat Lions,2016-04-27,30.0,27.19,2,4,35,8.75,17.5,12,0
32,33.0,Arun Jaitley Stadium,Kolkata Knight Riders,2016-04-30,32.0,26.94,1,3,19,6.33,19,18,0
33,34.0,Saurashtra Cricket Association Stadium,Gujarat Lions,2016-05-03,33.0,27.09,1,4,32,8.0,32,24,0
34,35.0,Punjab Cricket Association IS Bindra Stadium,Punjab Kings,2016-05-07,34.0,26.4,2,4,30,7.5,15,12,0
35,36.0,Rajiv Gandhi International Stadium,Sunrisers Hyderabad,2016-05-12,36.0,26.19,1,4,19,4.75,19,24,0
36,37.0,Dr YS Rajasekhara Reddy Cricket Stadium,Mumbai Indians,2016-05-15,37.0,25.71,2,4,34,8.5,17,12,0
37,38.0,Dr YS Rajasekhara Reddy Cricket Stadium,Rising Pune Supergiant,2016-05-17,39.0,25.36,1,2,12,6.0,12,12,0
38,39.0,Shaheed Veer Narayan Sing International Stadium,Royal Challengers Bangalore,2016-05-22,40.0,25.5,1,3,31,10.33,31,18,0
39,40.0,M Chinnaswamy Stadium,Royal Challengers Bangalore,2017-04-08,41.0,24.21,3,4,21,5.25,7,8,0
40,41.0,Maharashtra Cricket Association Stadium,Rising Pune Supergiant,2017-04-11,44.0,24.09,1,2,19,9.5,19,12,0
41,42.0,Arun Jaitley Stadium,Punjab Kings,2017-04-15,45.0,23.04,3,4,23,5.75,7.7,8,0
42,43.0,Arun Jaitley Stadium,Kolkata Knight Riders,2017-04-17,48.0,23.19,1,4,30,7.5,30,24,0
43,44.0,Rajiv Gandhi International Stadium,Sunrisers Hyderabad,2017-04-19,49.0,21.9,4,4,26,6.5,6.5,6,0
44,45.0,Wankhede Stadium,Mumbai Indians,2017-04-22,,22.54,0,4,33,8.25,-,-,0
45,46.0,Eden Gardens,Kolkata Knight Riders,2017-04-28,,23.29,0,3,39,13.0,-,-,0
46,47.0,Punjab Cricket Association IS Bindra Stadium,Punjab Kings,2017-04-30,,23.54,0,2,13,6.5,-,-,0
47,48.0,Arun Jaitley Stadium,Sunrisers Hyderabad,2017-05-02,,24.23,0,4,36,9.0,-,-,0
48,49.0,Punjab Cricket Association IS Bindra Stadium,Punjab Kings,2018-04-08,53.0,24.25,1,3,25,8.33,25,18,0
49,50.0,Sawai Mansingh Stadium,Rajasthan Royals,2018-04-11,,24.89,0,3,34,11.33,-,-,0
50,51.0,Eden Gardens,Kolkata Knight Riders,2018-04-16,54.0,24.73,2,4,41,10.25,20.5,12,0
51,52.0,M Chinnaswamy Stadium,Royal Challengers Bangalore,2018-04-21,,25.51,0,4,43,10.75,-,-,0
52,53.0,Arun Jaitley Stadium,Kolkata Knight Riders,2019-03-30,56.0,25.68,1,4,35,8.75,35,24,0
53,54.0,Punjab Cricket Association IS Bindra Stadium,Punjab Kings,2019-04-01,57.0,24.88,3,4,30,7.5,10,8,0
54,55.0,Arun Jaitley Stadium,Sunrisers Hyderabad,2019-04-04,,25.32,0,3,26,8.67,-,-,0
55,56.0,M Chinnaswamy Stadium,Royal Challengers Bangalore,2019-04-07,60.0,24.95,2,4,28,7.0,14,12,0
56,57.0,Eden Gardens,Kolkata Knight Riders,2019-04-12,62.0,24.76,2,4,38,9.5,19,12,0
57,58.0,Rajiv Gandhi International Stadium,Sunrisers Hyderabad,2019-04-14,64.0,23.97,3,3,22,7.33,7.3,6,0
58,59.0,Arun Jaitley Stadium,Mumbai Indians,2019-04-18,,24.56,0,3,39,13.0,-,-,0
59,60.0,Sawai Mansingh Stadium,Rajasthan Royals,2019-04-22,67.0,24.81,1,4,41,10.25,41,24,0
60,61.0,MA Chidambaram Stadium,Chennai Super Kings,2019-05-01,68.0,25.13,1,4,47,11.75,47,24,0
