,Match,Ground,Versus,Date,Wkts,Avg,WicketsCric,Overs,Runs,Econ,AvgCric,SR,5W
0,1.0,Punjab Cricket Association IS Bindra Stadium,Chennai Super Kings,2008-04-19,,,0,1.0,19,19.0,-,-,0
1,2.0,Sawai Mansingh Stadium,Rajasthan Royals,2008-04-21,,,0,2.0,27,13.5,-,-,0
2,3.0,Punjab Cricket Association IS Bindra Stadium,Mumbai Indians,2008-04-25,1.0,31.0,2,4.0,16,4.0,8,12,0
3,4.0,Punjab Cricket Association IS Bindra Stadium,Delhi Capitals,2008-04-27,,45.5,0,4.0,29,7.25,-,-,0
4,5.0,Rajiv Gandhi International Stadium,Deccan Chargers,2008-05-01,3.0,23.8,3,4.0,28,7.0,9.3,8,0
5,6.0,Punjab Cricket Association IS Bindra Stadium,Kolkata Knight Riders,2008-05-03,,27.0,0,1.0,16,16.0,-,-,0
6,7.0,M Chinnaswamy Stadium,Royal Challengers Bangalore,2008-05-05,6.0,20.0,3,4.0,25,6.25,8.3,8,0
7,8.0,MA Chidambaram Stadium,Chennai Super Kings,2008-05-10,9.0,21.78,1,3.0,36,12.0,36,18,0
8,9.0,Punjab Cricket Association IS Bindra Stadium,Royal Challengers Bangalore,2008-05-12,10.0,20.82,2,4.0,33,8.25,16.5,12,0
9,10.0,Arun Jaitley Stadium,Delhi Capitals,2008-05-17,,22.0,0,1.0,13,13.0,-,-,0
10,11.0,Wankhede Stadium,Mumbai Indians,2008-05-21,12.0,22.0,1,4.0,22,5.5,22,24,0
11,12.0,Punjab Cricket Association IS Bindra Stadium,Deccan Chargers,2008-05-23,,24.58,0,4.0,31,7.75,-,-,0
12,13.0,Eden Gardens,Kolkata Knight Riders,2008-05-25,13.0,23.64,2,4.0,36,9.0,18,12,0
13,14.0,Punjab Cricket Association IS Bindra Stadium,Rajasthan Royals,2008-05-28,15.0,21.53,3,4.0,35,8.75,11.7,8,0
14,15.0,Wankhede Stadium,Chennai Super Kings,2008-05-31,,22.88,0,2.5,23,8.12,-,-,0
15,16.0,Newlands,Delhi Capitals,2009-04-19,,23.59,0,0.5,12,14.4,-,-,0
16,17.0,Kingsmead,Kolkata Knight Riders,2009-04-21,,24.06,0,2.0,8,4.0,-,-,0
17,18.0,Kingsmead,Royal Challengers Bangalore,2009-04-24,18.0,23.78,1,4.0,19,4.75,19,24,0
18,19.0,Newlands,Rajasthan Royals,2009-04-26,19.0,22.5,2,4.0,22,5.5,11,12,0
19,20.0,Kingsmead,Mumbai Indians,2009-04-29,21.0,22.67,1,3.0,26,8.67,26,18,0
20,21.0,Kingsmead,Royal Challengers Bangalore,2009-05-01,,24.05,0,4.0,29,7.25,-,-,0
21,22.0,St George's Park,Kolkata Knight Riders,2009-05-03,22.0,23.13,2,4.0,27,6.75,13.5,12,0
22,23.0,Kingsmead,Rajasthan Royals,2009-05-05,24.0,22.48,2,4.0,30,7.5,15,12,0
23,24.0,SuperSport Park,Chennai Super Kings,2009-05-07,26.0,22.69,1,3.0,28,9.33,28,18,0
24,25.0,Diamond Oval,Deccan Chargers,2009-05-09,27.0,22.81,1,3.0,26,8.67,26,18,0
25,26.0,SuperSport Park,Mumbai Indians,2009-05-12,28.0,23.14,1,4.0,32,8.0,32,24,0
26,27.0,Mangaung Oval,Delhi Capitals,2009-05-15,,23.71,0,3.0,16,5.33,-,-,0
27,28.0,Wanderers Stadium,Deccan Chargers,2009-05-17,,24.43,0,4.0,20,5.0,-,-,0
28,29.0,Kingsmead,Chennai Super Kings,2009-05-20,29.0,24.03,1,2.0,13,6.5,13,12,0
29,30.0,Punjab Cricket Association IS Bindra Stadium,Delhi Capitals,2010-03-13,,25.17,0,4.0,33,8.25,-,-,0
30,31.0,M Chinnaswamy Stadium,Royal Challengers Bangalore,2010-03-16,30.0,25.0,1,3.0,20,6.67,20,18,0
31,32.0,Barabati Stadium,Deccan Chargers,2010-03-19,,25.8,0,3.0,24,8.0,-,-,0
32,33.0,MA Chidambaram Stadium,Chennai Super Kings,2010-03-21,31.0,25.84,1,4.0,27,6.75,27,24,0
33,34.0,Punjab Cricket Association IS Bindra Stadium,Rajasthan Royals,2010-03-24,32.0,25.94,1,4.0,29,7.25,29,24,0
34,35.0,Punjab Cricket Association IS Bindra Stadium,Kolkata Knight Riders,2010-03-27,33.0,26.21,1,4.0,35,8.75,35,24,0
35,36.0,Brabourne Stadium,Mumbai Indians,2010-03-30,34.0,26.38,1,3.0,32,10.67,32,18,0
36,37.0,Barabati Stadium,Royal Challengers Bangalore,2010-04-02,,27.03,0,2.0,22,11.0,-,-,0
37,38.0,Eden Gardens,Kolkata Knight Riders,2010-04-04,,27.79,0,2.0,26,13.0,-,-,0
38,39.0,Sawai Mansingh Stadium,Rajasthan Royals,2010-04-07,,28.59,0,4.0,27,6.75,-,-,0
39,40.0,Punjab Cricket Association IS Bindra Stadium,Mumbai Indians,2010-04-09,35.0,26.92,3,4.0,24,6.0,8,8,0
40,41.0,Arun Jaitley Stadium,Delhi Capitals,2010-04-11,38.0,25.95,2,4.0,16,4.0,8,12,0
41,42.0,Himachal Pradesh Cricket Association Stadium,Deccan Chargers,2010-04-16,40.0,25.9,1,4.0,24,6.0,24,24,0
42,43.0,Himachal Pradesh Cricket Association Stadium,Chennai Super Kings,2010-04-18,41.0,25.95,1,4.0,28,7.0,28,24,0
43,44.0,Dr DY Patil Sports Academy,Pune Warriors,2011-04-10,,26.24,0,1.0,12,12.0,-,-,0
44,45.0,Punjab Cricket Association IS Bindra Stadium,Chennai Super Kings,2011-04-13,42.0,26.4,1,3.0,33,11.0,33,18,0
45,46.0,Rajiv Gandhi International Stadium,Deccan Chargers,2011-04-16,43.0,26.19,1,2.0,17,8.5,17,12,0
46,47.0,Punjab Cricket Association IS Bindra Stadium,Rajasthan Royals,2011-04-21,44.0,26.14,1,4.0,24,6.0,24,24,0
47,48.0,Arun Jaitley Stadium,Delhi Capitals,2011-04-23,45.0,26.36,1,4.0,36,9.0,36,24,0
48,49.0,Eden Gardens,Kolkata Knight Riders,2011-04-30,,27.0,0,3.2,29,8.7,-,-,0
49,50.0,Wankhede Stadium,Mumbai Indians,2011-05-02,46.0,26.64,2,4.0,37,9.25,18.5,12,0
50,51.0,M Chinnaswamy Stadium,Royal Challengers Bangalore,2011-05-06,48.0,26.31,2,4.0,37,9.25,18.5,12,0
51,52.0,Holkar Cricket Stadium,Kochi Tuskers Kerala,2011-05-13,50.0,26.38,1,4.0,30,7.5,30,24,0
52,53.0,Himachal Pradesh Cricket Association Stadium,Delhi Capitals,2011-05-15,51.0,25.19,3,4.0,16,4.0,5.3,8,0
53,54.0,Himachal Pradesh Cricket Association Stadium,Royal Challengers Bangalore,2011-05-17,54.0,23.72,4,4.0,17,4.25,4.2,6,0
54,55.0,Himachal Pradesh Cricket Association Stadium,Deccan Chargers,2011-05-21,,24.56,0,4.0,48,12.0,-,-,0
55,56.0,Sawai Mansingh Stadium,Rajasthan Royals,2012-04-06,58.0,24.71,1,4.0,33,8.25,33,24,0
56,57.0,Maharashtra Cricket Association Stadium,Pune Warriors,2012-04-08,,24.95,0,2.0,14,7.0,-,-,0
57,58.0,Punjab Cricket Association IS Bindra Stadium,Pune Warriors,2012-04-12,59.0,24.92,1,4.0,23,5.75,23,24,0
58,59.0,Eden Gardens,Kolkata Knight Riders,2012-04-15,60.0,24.0,3,4.0,18,4.5,6,8,0
59,60.0,Punjab Cricket Association IS Bindra Stadium,Kolkata Knight Riders,2012-04-18,63.0,23.55,2,4.0,19,4.75,9.5,12,0
60,61.0,Punjab Cricket Association IS Bindra Stadium,Royal Challengers Bangalore,2012-04-20,65.0,23.51,1,4.0,21,5.25,21,24,0
61,62.0,Wankhede Stadium,Mumbai Indians,2012-04-22,,23.8,0,4.0,19,4.75,-,-,0
62,63.0,Punjab Cricket Association IS Bindra Stadium,Mumbai Indians,2012-04-25,66.0,24.14,1,4.0,46,11.5,46,24,0
63,64.0,MA Chidambaram Stadium,Chennai Super Kings,2012-04-28,67.0,23.72,2,4.0,20,5.0,10,12,0
64,65.0,M Chinnaswamy Stadium,Royal Challengers Bangalore,2012-05-02,69.0,23.88,1,3.0,35,11.67,35,18,0
65,66.0,Punjab Cricket Association IS Bindra Stadium,Rajasthan Royals,2012-05-05,70.0,23.75,2,4.0,38,9.5,19,12,0
66,67.0,Rajiv Gandhi International Stadium,Deccan Chargers,2012-05-08,72.0,23.88,1,4.0,33,8.25,33,24,0
67,68.0,Punjab Cricket Association IS Bindra Stadium,Deccan Chargers,2012-05-13,,24.25,0,3.0,27,9.0,-,-,0
68,69.0,Arun Jaitley Stadium,Delhi Capitals,2012-05-15,73.0,24.37,1,4.0,33,8.25,33,24,0
69,70.0,Himachal Pradesh Cricket Association Stadium,Chennai Super Kings,2012-05-17,,24.53,0,1.0,12,12.0,-,-,0
70,71.0,Himachal Pradesh Cricket Association Stadium,Delhi Capitals,2012-05-19,,24.92,0,4.0,28,7.0,-,-,0
71,72.0,Maharashtra Cricket Association Stadium,Pune Warriors,2013-04-07,74.0,24.84,1,4.0,19,4.75,19,24,0
72,73.0,Punjab Cricket Association IS Bindra Stadium,Chennai Super Kings,2013-04-10,,25.12,0,4.0,21,5.25,-,-,0
73,74.0,Sawai Mansingh Stadium,Rajasthan Royals,2013-04-14,75.0,25.08,1,3.2,22,6.6,22,20,0
74,75.0,Punjab Cricket Association IS Bindra Stadium,Kolkata Knight Riders,2013-04-16,,25.45,0,3.0,28,9.33,-,-,0
75,76.0,Rajiv Gandhi International Stadium,Sunrisers Hyderabad,2013-04-19,76.0,25.45,1,4.0,25,6.25,25,24,0
76,77.0,Punjab Cricket Association IS Bindra Stadium,Pune Warriors,2013-04-21,,25.88,0,4.0,33,8.25,-,-,0
77,78.0,Arun Jaitley Stadium,Delhi Capitals,2013-04-23,,26.11,0,2.0,17,8.5,-,-,0
78,79.0,Eden Gardens,Kolkata Knight Riders,2013-04-26,,26.54,0,4.0,33,8.25,-,-,0
79,80.0,Wankhede Stadium,Mumbai Indians,2013-04-29,77.0,26.51,1,2.0,24,12.0,24,12,0
80,81.0,MA Chidambaram Stadium,Chennai Super Kings,2013-05-02,78.0,26.58,1,4.0,32,8.0,32,24,0
81,82.0,Punjab Cricket Association IS Bindra Stadium,Royal Challengers Bangalore,2013-05-06,,26.91,0,4.0,26,6.5,-,-,0
82,83.0,Punjab Cricket Association IS Bindra Stadium,Rajasthan Royals,2013-05-09,79.0,26.91,1,4.0,27,6.75,27,24,0
83,84.0,Punjab Cricket Association IS Bindra Stadium,Sunrisers Hyderabad,2013-05-11,80.0,26.83,1,4.0,20,5.0,20,24,0
84,85.0,M Chinnaswamy Stadium,Royal Challengers Bangalore,2013-05-14,,27.16,0,4.0,27,6.75,-,-,0
85,86.0,Himachal Pradesh Cricket Association Stadium,Delhi Capitals,2013-05-16,81.0,27.04,2,4.0,44,11.0,22,12,0
86,87.0,Himachal Pradesh Cricket Association Stadium,Mumbai Indians,2013-05-18,83.0,26.63,2,4.0,20,5.0,10,12,0
87,88.0,Sheikh Zayed Stadium,Mumbai Indians,2014-04-16,85.0,26.49,1,3.0,15,5.0,15,18,0
88,89.0,Dubai International Cricket Stadium,Delhi Capitals,2014-04-19,86.0,26.5,1,2.3,27,10.8,27,15,0
89,90.0,Sheikh Zayed Stadium,Punjab Kings,2014-04-26,87.0,25.82,3,4.0,19,4.75,6.3,8,0
90,91.0,Sheikh Zayed Stadium,Rajasthan Royals,2014-04-29,,26.12,0,3.0,27,9.0,-,-,0
91,92.0,JSCA International Stadium Complex,Chennai Super Kings,2014-05-02,,26.47,0,3.0,31,10.33,-,-,0
92,93.0,Barabati Stadium,Punjab Kings,2014-05-11,90.0,25.82,3,4.0,19,4.75,6.3,8,0
93,94.0,Barabati Stadium,Mumbai Indians,2014-05-14,93.0,25.88,1,4.0,32,8.0,32,24,0
94,95.0,Rajiv Gandhi International Stadium,Sunrisers Hyderabad,2014-05-18,94.0,25.86,1,4.0,24,6.0,24,24,0
95,96.0,Eden Gardens,Chennai Super Kings,2014-05-20,95.0,26.03,1,4.0,42,10.5,42,24,0
96,97.0,Eden Gardens,Punjab Kings,2014-05-28,96.0,26.0,1,4.0,23,5.75,23,24,0
97,98.0,M Chinnaswamy Stadium,Punjab Kings,2014-06-01,97.0,25.92,2,4.0,44,11.0,22,12,0
98,99.0,Eden Gardens,Mumbai Indians,2015-04-08,,26.08,0,2.0,16,8.0,-,-,0
99,100.0,Eden Gardens,Royal Challengers Bangalore,2015-04-11,,26.18,0,1.0,10,10.0,-,-,0
100,101.0,Maharashtra Cricket Association Stadium,Punjab Kings,2015-04-18,,26.48,1,4.0,21,5.25,21,24,0
101,102.0,Arun Jaitley Stadium,Delhi Capitals,2015-04-20,99.0,26.22,0,4.0,29,7.25,-,-,0
102,103.0,Dr YS Rajasekhara Reddy Cricket Stadium,Sunrisers Hyderabad,2015-04-22,,26.37,2,4.0,27,6.75,13.5,12,0
103,104.0,MA Chidambaram Stadium,Chennai Super Kings,2015-04-28,101.0,26.11,0,1.0,15,15.0,-,-,0
104,105.0,Eden Gardens,Chennai Super Kings,2015-04-30,103.0,26.06,4,4.0,32,8.0,8,6,0
105,106.0,M Chinnaswamy Stadium,Royal Challengers Bangalore,2015-05-02,104.0,26.01,2,4.0,26,6.5,13,12,0
106,107.0,Eden Gardens,Sunrisers Hyderabad,2015-05-04,105.0,25.91,1,2.0,21,10.5,21,12,0
107,108.0,Eden Gardens,Delhi Capitals,2015-05-07,106.0,25.26,1,4.0,16,4.0,16,24,0
108,109.0,Eden Gardens,Punjab Kings,2015-05-09,,25.58,0,3.0,35,11.67,-,-,0
109,110.0,Wankhede Stadium,Mumbai Indians,2015-05-14,,25.66,0,1.0,9,9.0,-,-,0
110,111.0,Brabourne Stadium,Rajasthan Royals,2015-05-16,,25.77,0,1.0,12,12.0,-,-,0
111,112.0,Eden Gardens,Delhi Capitals,2016-04-10,110.0,25.5,2,4.0,21,5.25,10.5,12,0
112,113.0,Eden Gardens,Mumbai Indians,2016-04-13,112.0,25.53,1,3.1,29,9.16,29,19,0
113,114.0,Rajiv Gandhi International Stadium,Sunrisers Hyderabad,2016-04-16,,25.64,0,1.0,13,13.0,-,-,0
114,115.0,Punjab Cricket Association IS Bindra Stadium,Punjab Kings,2016-04-19,113.0,25.58,1,3.0,18,6.0,18,18,0
115,116.0,Maharashtra Cricket Association Stadium,Rising Pune Supergiant,2016-04-24,,25.81,0,3.0,26,8.67,-,-,0
116,117.0,Arun Jaitley Stadium,Delhi Capitals,2016-04-30,,26.02,0,2.0,24,12.0,-,-,0
117,118.0,M Chinnaswamy Stadium,Royal Challengers Bangalore,2016-05-02,114.0,25.84,2,4.0,32,8.0,16,12,0
118,119.0,Eden Gardens,Punjab Kings,2016-05-04,116.0,25.63,2,4.0,27,6.75,13.5,12,0
119,120.0,Eden Gardens,Gujarat Lions,2016-05-08,118.0,25.67,1,4.0,30,7.5,30,24,0
120,121.0,Eden Gardens,Rising Pune Supergiant,2016-05-14,119.0,25.42,2,4.0,21,5.25,10.5,12,0
121,122.0,Eden Gardens,Royal Challengers Bangalore,2016-05-16,,25.68,0,3.1,32,10.11,-,-,0
122,124.0,Saurashtra Cricket Association Stadium,Gujarat Lions,2017-04-07,121.0,25.74,1,4.0,33,8.25,33,24,0
123,125.0,Barabati Stadium,Punjab Kings,2017-04-13,122.0,25.83,1,3.0,36,12.0,36,18,0
124,126.0,Maharashtra Cricket Association Stadium,Rising Pune Supergiant,2017-04-26,123.0,25.91,1,4.0,36,9.0,36,24,0
125,127.0,M Chinnaswamy Stadium,Royal Challengers Bangalore,2017-05-07,,26.02,0,2.0,13,6.5,-,-,0
126,128.0,M Chinnaswamy Stadium,Sunrisers Hyderabad,2017-05-17,124.0,26.02,1,3.0,27,9.0,27,18,0
127,129.0,M Chinnaswamy Stadium,Mumbai Indians,2017-05-19,125.0,25.88,2,4.0,34,8.5,17,12,0
128,130.0,Eden Gardens,Royal Challengers Bangalore,2018-04-08,127.0,25.92,1,4.0,31,7.75,31,24,0
129,131.0,MA Chidambaram Stadium,Chennai Super Kings,2018-04-10,128.0,26.1,1,4.0,49,12.25,49,24,0
130,132.0,Eden Gardens,Sunrisers Hyderabad,2018-04-14,129.0,26.05,1,4.0,20,5.0,20,24,0
131,133.0,Eden Gardens,Delhi Capitals,2018-04-16,130.0,25.98,1,2.0,16,8.0,16,12,0
132,134.0,Sawai Mansingh Stadium,Rajasthan Royals,2018-04-18,131.0,25.92,1,4.0,18,4.5,18,24,0
133,135.0,Eden Gardens,Punjab Kings,2018-04-21,,26.1,0,2.0,24,12.0,-,-,0
134,136.0,Arun Jaitley Stadium,Delhi Capitals,2018-04-27,132.0,26.15,1,4.0,33,8.25,33,24,0
135,137.0,M Chinnaswamy Stadium,Royal Challengers Bangalore,2018-04-29,,26.32,0,3.0,22,7.33,-,-,0
136,138.0,Eden Gardens,Chennai Super Kings,2018-05-03,133.0,26.19,2,4.0,35,8.75,17.5,12,0
137,139.0,Wankhede Stadium,Mumbai Indians,2018-05-06,,26.45,0,3.0,35,11.67,-,-,0
138,140.0,Eden Gardens,Mumbai Indians,2018-05-09,135.0,26.22,3,4.0,48,12.0,16,8,0
139,141.0,Holkar Cricket Stadium,Punjab Kings,2018-05-12,,26.34,0,2.0,16,8.0,-,-,0
140,142.0,Rajiv Gandhi International Stadium,Sunrisers Hyderabad,2018-05-19,,26.47,0,2.0,19,9.5,-,-,0
141,143.0,Eden Gardens,Rajasthan Royals,2018-05-23,138.0,26.27,2,4.0,24,6.0,12,12,0
142,144.0,Eden Gardens,Sunrisers Hyderabad,2018-05-25,140.0,26.24,1,3.0,22,7.33,22,18,0
143,145.0,Eden Gardens,Sunrisers Hyderabad,2019-03-24,141.0,26.21,1,3.0,23,7.67,23,18,0
144,146.0,Eden Gardens,Punjab Kings,2019-03-27,142.0,26.21,1,3.0,26,8.67,26,18,0
145,147.0,Arun Jaitley Stadium,Delhi Capitals,2019-03-30,143.0,26.28,1,4.0,36,9.0,36,24,0
146,148.0,M Chinnaswamy Stadium,Royal Challengers Bangalore,2019-04-05,,26.5,0,4.0,32,8.0,-,-,0
147,149.0,Sawai Mansingh Stadium,Rajasthan Royals,2019-04-07,,26.64,0,4.0,19,4.75,-,-,0
148,150.0,MA Chidambaram Stadium,Chennai Super Kings,2019-04-09,144.0,26.65,1,4.0,28,7.0,28,24,0
149,151.0,Eden Gardens,Delhi Capitals,2019-04-12,,26.89,0,2.5,35,12.35,-,-,0
150,152.0,Eden Gardens,Chennai Super Kings,2019-04-14,145.0,26.74,2,3.4,32,8.73,16,11,0
151,153.0,Eden Gardens,Royal Challengers Bangalore,2019-04-19,,26.81,0,1.0,10,10.0,-,-,0
152,154.0,Rajiv Gandhi International Stadium,Sunrisers Hyderabad,2019-04-21,,27.07,0,3.0,38,12.67,-,-,0
153,155.0,Eden Gardens,Rajasthan Royals,2019-04-25,147.0,26.66,3,4.0,20,5.0,6.7,8,0
154,156.0,Eden Gardens,Mumbai Indians,2019-04-28,150.0,26.86,1,4.0,57,14.25,57,24,0
155,157.0,Punjab Cricket Association IS Bindra Stadium,Punjab Kings,2019-05-03,,27.15,0,4.0,43,10.75,-,-,0
