,Match,Ground,Vs,Date,Agg,Avg,WicketsCric,Overs,Runs,Econ,AvgCric,SR,5W
0,1.0,M Chinnaswamy Stadium,Royal Challengers Bangalore,2008-04-18,1.0,7.0,2,4.0,9,2.25,4.5,12,0
1,2.0,Eden Gardens,Deccan Chargers,2008-04-20,2.0,8.0,1,3.0,9,3.0,9,18,0
2,3.0,MA Chidambaram Stadium,Chennai Super Kings,2008-04-26,2.0,21.0,0,3.0,26,8.67,-,-,0
3,4.0,Eden Gardens,Mumbai Indians,2008-04-29,3.0,25.0,1,3.4,33,9.0,33,22,0
4,5.0,Sawai Mansingh Stadium,Rajasthan Royals,2008-05-01,4.0,25.25,1,4.0,26,6.5,26,24,0
5,6.0,Punjab Cricket Association IS Bindra Stadium,Kings XI Punjab,2008-05-03,4.0,35.5,0,4.0,41,10.25,-,-,0
6,7.0,Eden Gardens,Royal Challengers Bangalore,2008-05-08,5.0,33.4,1,4.0,25,6.25,25,24,0
7,8.0,Rajiv Gandhi International Stadium,Deccan Chargers,2008-05-11,5.0,38.8,0,3.0,27,9.0,-,-,0
8,9.0,Eden Gardens,Delhi Capitals,2008-05-13,5.0,42.4,0,3.0,18,6.0,-,-,0
9,10.0,Wankhede Stadium,Mumbai Indians,2008-05-16,6.0,40.17,1,2.3,29,11.6,29,15,0
10,11.0,Eden Gardens,Chennai Super Kings,2008-05-18,6.0,42.83,0,2.0,16,8.0,-,-,0
11,12.0,Eden Gardens,Rajasthan Royals,2008-05-20,7.0,40.0,1,3.0,23,7.67,23,18,0
12,13.0,Eden Gardens,Kings XI Punjab,2008-05-25,7.0,47.0,0,4.0,49,12.25,-,-,0
13,14.0,Newlands,Deccan Chargers,2009-04-19,7.0,48.86,0,3.0,13,4.33,-,-,0
14,15.0,Kingsmead,Kings XI Punjab,2009-04-21,8.0,45.75,1,4.0,24,6.0,24,24,0
15,16.0,Newlands,Rajasthan Royals,2009-04-23,10.0,40.2,2,4.0,36,9.0,18,12,0
16,17.0,St George's Park,Mumbai Indians,2009-04-27,11.0,39.18,1,4.0,29,7.25,29,24,0
17,18.0,Kingsmead,Royal Challengers Bangalore,2009-04-29,13.0,34.31,2,4.0,15,3.75,7.5,12,0
18,19.0,Buffalo Park,Mumbai Indians,2009-05-01,14.0,33.57,1,4.0,24,6.0,24,24,0
19,20.0,St George's Park,Kings XI Punjab,2009-05-03,16.0,31.06,2,4.0,27,6.75,13.5,12,0
20,21.0,Kingsmead,Delhi Capitals,2009-05-05,16.0,33.75,0,4.0,43,10.75,-,-,0
21,22.0,Wanderers Stadium,Delhi Capitals,2009-05-10,18.0,31.28,2,4.0,23,5.75,11.5,12,0
22,23.0,SuperSport Park,Royal Challengers Bangalore,2009-05-12,18.0,33.5,0,4.0,40,10.0,-,-,0
23,24.0,Wanderers Stadium,Deccan Chargers,2009-05-16,18.0,34.78,0,4.0,23,5.75,-,-,0
24,25.0,Dr DY Patil Sports Academy,Deccan Chargers,2010-03-12,19.0,34.58,1,4.0,31,7.75,31,24,0
25,26.0,Eden Gardens,Royal Challengers Bangalore,2010-03-14,19.0,36.0,0,4.0,27,6.75,-,-,0
26,27.0,Eden Gardens,Chennai Super Kings,2010-03-16,20.0,36.1,1,4.0,38,9.5,38,24,0
27,28.0,Sardar Patel Stadium,Rajasthan Royals,2010-03-20,22.0,34.32,2,4.0,33,8.25,16.5,12,0
28,29.0,Brabourne Stadium,Mumbai Indians,2010-03-22,24.0,33.29,2,4.0,44,11.0,22,12,0
29,30.0,Arun Jaitley Stadium,Delhi Capitals,2010-03-29,25.0,32.64,1,1.0,17,17.0,17,6,0
30,31.0,M Chinnaswamy Stadium,Royal Challengers Bangalore,2010-04-10,25.0,34.48,0,4.0,46,11.5,-,-,0
31,32.0,Rajiv Gandhi International Stadium,Rajasthan Royals,2011-04-09,25.0,35.44,0,4.0,24,6.0,-,-,0
32,33.0,Eden Gardens,Kolkata Knight Riders,2011-04-11,25.0,36.52,0,3.0,27,9.0,-,-,0
33,34.0,Rajiv Gandhi International Stadium,Royal Challengers Bangalore,2011-04-14,26.0,35.92,1,4.0,21,5.25,21,24,0
34,35.0,Rajiv Gandhi International Stadium,Kings XI Punjab,2011-04-16,26.0,36.81,0,4.0,23,5.75,-,-,0
35,36.0,Rajiv Gandhi International Stadium,Mumbai Indians,2011-04-24,27.0,36.89,1,4.0,39,9.75,39,24,0
36,37.0,Nehru Stadium (Kochi),Kochi Tuskers Kerala,2011-04-27,32.0,31.5,5,3.0,12,4.0,2.4,3.6,1
37,38.0,MA Chidambaram Stadium,Chennai Super Kings,2011-05-01,32.0,32.78,0,4.0,41,10.25,-,-,0
38,39.0,Rajiv Gandhi International Stadium,Kolkata Knight Riders,2011-05-03,32.0,33.94,0,4.0,37,9.25,-,-,0
39,40.0,Rajiv Gandhi International Stadium,Delhi Capitals,2011-05-05,34.0,32.41,2,4.0,16,4.0,8,12,0
40,41.0,Rajiv Gandhi International Stadium,Pune Warriors,2011-05-10,34.0,33.15,0,3.0,25,8.33,-,-,0
41,42.0,Wankhede Stadium,Mumbai Indians,2011-05-14,36.0,32.14,2,4.0,30,7.5,15,12,0
42,43.0,Dr DY Patil Sports Academy,Pune Warriors,2011-05-16,36.0,32.67,0,3.0,19,6.33,-,-,0
43,44.0,Rajiv Gandhi International Stadium,Pune Warriors,2013-04-05,36.0,33.28,0,4.0,22,5.5,-,-,0
44,45.0,Rajiv Gandhi International Stadium,Royal Challengers Bangalore,2013-04-07,39.0,31.41,3,4.0,27,6.75,9,8,0
45,46.0,M Chinnaswamy Stadium,Royal Challengers Bangalore,2013-04-09,40.0,31.38,1,3.4,30,8.18,30,22,0
46,47.0,Arun Jaitley Stadium,Delhi Capitals,2013-04-12,42.0,30.71,2,4.0,35,8.75,17.5,12,0
47,48.0,Eden Gardens,Kolkata Knight Riders,2013-04-14,42.0,31.5,0,4.0,33,8.25,-,-,0
48,49.0,Maharashtra Cricket Association Stadium,Pune Warriors,2013-04-17,43.0,31.28,1,4.0,22,5.5,22,24,0
49,50.0,Rajiv Gandhi International Stadium,Kings XI Punjab,2013-04-19,45.0,30.53,2,4.0,29,7.25,14.5,12,0
50,51.0,MA Chidambaram Stadium,Chennai Super Kings,2013-04-25,46.0,30.61,1,4.0,34,8.5,34,24,0
51,52.0,Sawai Mansingh Stadium,Rajasthan Royals,2013-04-27,46.0,31.37,0,3.0,35,11.67,-,-,0
52,53.0,Rajiv Gandhi International Stadium,Mumbai Indians,2013-05-01,48.0,30.38,2,4.0,15,3.75,7.5,12,0
53,54.0,Rajiv Gandhi International Stadium,Delhi Capitals,2013-05-04,49.0,29.98,1,3.0,11,3.67,11,18,0
54,55.0,Rajiv Gandhi International Stadium,Chennai Super Kings,2013-05-08,49.0,31.33,0,4.0,66,16.5,-,-,0
55,56.0,Punjab Cricket Association IS Bindra Stadium,Kings XI Punjab,2013-05-11,49.0,31.78,0,3.0,22,7.33,-,-,0
56,57.0,Wankhede Stadium,Mumbai Indians,2013-05-13,50.0,31.78,1,4.0,32,8.0,32,24,0
57,58.0,Rajiv Gandhi International Stadium,Rajasthan Royals,2013-05-17,50.0,32.22,0,4.0,22,5.5,-,-,0
58,59.0,Arun Jaitley Stadium,Rajasthan Royals,2013-05-22,51.0,32.2,1,3.0,31,10.33,31,18,0
59,60.0,Sheikh Zayed Stadium,Rajasthan Royals,2014-04-18,52.0,32.13,1,4.0,29,7.25,29,24,0
60,61.0,Sharjah Cricket Stadium,Chennai Super Kings,2014-04-27,54.0,31.63,2,4.0,37,9.25,18.5,12,0
61,62.0,M Chinnaswamy Stadium,Royal Challengers Bangalore,2014-05-04,54.0,32.28,0,3.0,35,11.67,-,-,0
62,63.0,MA Chidambaram Stadium,Chennai Super Kings,2015-04-11,54.0,33.13,0,3.0,46,15.33,-,-,0
63,64.0,Brabourne Stadium,Rajasthan Royals,2015-05-07,55.0,32.98,1,3.0,25,8.33,25,18,0
64,65.0,Shaheed Veer Narayan Sing International Stadium,Delhi Capitals,2015-05-09,55.0,33.69,0,4.0,39,9.75,-,-,0
65,66.0,Rajiv Gandhi International Stadium,Kings XI Punjab,2015-05-11,55.0,34.58,0,4.0,49,12.25,-,-,0
66,67.0,Wankhede Stadium,Mumbai Indians,2016-04-09,57.0,34.0,2,4.0,36,9.0,18,12,0
67,68.0,Saurashtra Cricket Association Stadium,Gujarat Lions,2016-04-14,58.0,34.09,1,4.0,39,9.75,39,24,0
68,69.0,Punjab Cricket Association IS Bindra Stadium,Kings XI Punjab,2016-04-17,58.0,34.53,0,3.0,26,8.67,-,-,0
69,70.0,Maharashtra Cricket Association Stadium,Royal Challengers Bangalore,2016-04-22,58.0,35.34,0,4.0,47,11.75,-,-,0
70,71.0,Barabati Stadium,Kolkata Knight Riders,2017-04-13,58.0,35.62,0,2.0,16,8.0,-,-,0
71,72.0,Rajiv Gandhi International Stadium,Sunrisers Hyderabad,2017-04-17,58.0,36.02,0,4.0,23,5.75,-,-,0
72,73.0,Holkar Cricket Stadium,Mumbai Indians,2017-04-20,58.0,37.02,0,4.0,58,14.5,-,-,0
73,74.0,Punjab Cricket Association IS Bindra Stadium,Sunrisers Hyderabad,2017-04-28,58.0,37.72,0,4.0,41,10.25,-,-,0
74,75.0,Wankhede Stadium,Mumbai Indians,2017-05-11,58.0,38.22,0,3.0,29,9.67,-,-,0
75,76.0,Maharashtra Cricket Association Stadium,Rising Pune Supergiant,2017-05-14,58.0,38.43,0,1.0,12,12.0,-,-,0
76,77.0,Wankhede Stadium,Mumbai Indians,2019-03-24,60.0,37.72,2,4.0,34,8.5,17,12,0
77,78.0,Arun Jaitley Stadium,Chennai Super Kings,2019-03-26,61.0,37.56,1,3.0,28,9.33,28,18,0
78,79.0,Arun Jaitley Stadium,Sunrisers Hyderabad,2019-04-04,62.0,37.03,1,1.0,5,5.0,5,6,0
79,80.0,M Chinnaswamy Stadium,Royal Challengers Bangalore,2019-04-07,62.0,37.53,0,4.0,31,7.75,-,-,0
80,81.0,Eden Gardens,Kolkata Knight Riders,2019-04-12,63.0,37.27,1,4.0,21,5.25,21,24,0
81,82.0,Rajiv Gandhi International Stadium,Sunrisers Hyderabad,2019-04-14,63.0,37.57,0,3.0,19,6.33,-,-,0
82,83.0,Arun Jaitley Stadium,Mumbai Indians,2019-04-18,63.0,37.84,0,3.0,17,5.67,-,-,0
83,84.0,Arun Jaitley Stadium,Kings XI Punjab,2019-04-20,63.0,38.3,0,4.0,29,7.25,-,-,0
84,85.0,Sawai Mansingh Stadium,Rajasthan Royals,2019-04-22,64.0,38.16,1,4.0,29,7.25,29,24,0
85,86.0,Arun Jaitley Stadium,Royal Challengers Bangalore,2019-04-28,65.0,38.18,1,4.0,40,10.0,40,24,0
86,87.0,Arun Jaitley Stadium,Rajasthan Royals,2019-05-04,68.0,37.06,3,4.0,38,9.5,12.7,8,0
87,88.0,Dr YS Rajasekhara Reddy Cricket Stadium,Sunrisers Hyderabad,2019-05-08,70.0,36.49,2,4.0,34,8.5,17,12,0
88,89.0,Dr YS Rajasekhara Reddy Cricket Stadium,Chennai Super Kings,2019-05-10,71.0,36.37,1,4.0,24,6.0,24,24,0
