,Match,Ground,Versus,Date,Wkts,Avg,WicketsCric,Overs,Runs,Econ,AvgCric,SR,5W
0,2.0,Kingsmead,Punjab Kings,2009-05-20,1.0,6.5,2,4.0,13,3.25,6.5,12,0
1,3.0,MA Chidambaram Stadium,Deccan Chargers,2010-03-14,3.0,13.0,1,4.0,26,6.5,26,24,0
2,4.0,Eden Gardens,Kolkata Knight Riders,2010-03-16,4.0,15.25,1,4.0,22,5.5,22,24,0
3,5.0,Arun Jaitley Stadium,Delhi Capitals,2010-03-19,5.0,20.2,1,4.0,40,10.0,40,24,0
4,6.0,MA Chidambaram Stadium,Punjab Kings,2010-03-21,,26.6,0,4.0,32,8.0,-,-,0
5,7.0,M Chinnaswamy Stadium,Royal Challengers Bangalore,2010-03-23,,34.6,0,4.0,40,10.0,-,-,0
6,8.0,MA Chidambaram Stadium,Mumbai Indians,2010-04-06,6.0,27.86,2,4.0,22,5.5,11,12,0
7,9.0,Vidarbha Cricket Association Stadium,Deccan Chargers,2010-04-10,8.0,23.11,2,4.0,13,3.25,6.5,12,0
8,10.0,MA Chidambaram Stadium,Kolkata Knight Riders,2010-04-13,10.0,18.67,3,4.0,16,4.0,5.3,8,0
9,11.0,MA Chidambaram Stadium,Delhi Capitals,2010-04-15,13.0,19.08,1,4.0,24,6.0,24,24,0
10,12.0,Himachal Pradesh Cricket Association Stadium,Punjab Kings,2010-04-18,14.0,19.14,1,4.0,20,5.0,20,24,0
11,13.0,Dr DY Patil Sports Academy,Deccan Chargers,2010-04-22,15.0,18.8,1,4.0,14,3.5,14,24,0
12,14.0,Dr DY Patil Sports Academy,Mumbai Indians,2010-04-25,,20.4,0,4.0,24,6.0,-,-,0
13,15.0,MA Chidambaram Stadium,Kolkata Knight Riders,2011-04-08,16.0,20.75,1,4.0,26,6.5,26,24,0
14,16.0,Punjab Cricket Association IS Bindra Stadium,Punjab Kings,2011-04-13,,23.06,0,4.0,37,9.25,-,-,0
15,17.0,MA Chidambaram Stadium,Royal Challengers Bangalore,2011-04-16,17.0,23.06,1,4.0,23,5.75,23,24,0
16,18.0,Nehru Stadium (Kochi),Kochi Tuskers Kerala,2011-04-18,18.0,22.26,2,4.0,31,7.75,15.5,12,0
17,19.0,Wankhede Stadium,Mumbai Indians,2011-04-22,,23.63,0,4.0,26,6.5,-,-,0
18,20.0,MA Chidambaram Stadium,Pune Warriors,2011-04-25,20.0,22.29,2,4.0,19,4.75,9.5,12,0
19,21.0,Dr DY Patil Sports Academy,Pune Warriors,2011-04-27,22.0,22.59,1,4.0,29,7.25,29,24,0
20,22.0,MA Chidambaram Stadium,Deccan Chargers,2011-05-01,,23.64,0,4.0,23,5.75,-,-,0
21,23.0,MA Chidambaram Stadium,Rajasthan Royals,2011-05-04,23.0,24.17,1,4.0,36,9.0,36,24,0
22,24.0,Eden Gardens,Kolkata Knight Riders,2011-05-07,24.0,22.72,2,3.0,12,4.0,6,9,0
23,25.0,Sawai Mansingh Stadium,Rajasthan Royals,2011-05-09,26.0,21.93,2,4.0,24,6.0,12,12,0
24,26.0,MA Chidambaram Stadium,Delhi Capitals,2011-05-12,28.0,21.07,2,4.0,19,4.75,9.5,12,0
25,27.0,MA Chidambaram Stadium,Kochi Tuskers Kerala,2011-05-18,30.0,20.9,1,4.0,16,4.0,16,24,0
26,28.0,M Chinnaswamy Stadium,Royal Challengers Bangalore,2011-05-22,31.0,20.81,1,4.0,18,4.5,18,24,0
27,29.0,Wankhede Stadium,Royal Challengers Bangalore,2011-05-24,32.0,21.19,1,4.0,33,8.25,33,24,0
28,30.0,MA Chidambaram Stadium,Royal Challengers Bangalore,2011-05-28,33.0,19.83,3,4.0,16,4.0,5.3,8,0
29,31.0,MA Chidambaram Stadium,Mumbai Indians,2012-04-04,,20.4,0,4.0,20,5.0,-,-,0
30,32.0,Dr YS Rajasekhara Reddy Cricket Stadium,Deccan Chargers,2012-04-07,,20.74,0,3.0,12,4.0,-,-,0
31,33.0,Arun Jaitley Stadium,Delhi Capitals,2012-04-10,36.0,20.75,1,3.2,21,6.3,21,20,0
32,34.0,MA Chidambaram Stadium,Royal Challengers Bangalore,2012-04-12,,22.03,0,4.0,46,11.5,-,-,0
33,35.0,Maharashtra Cricket Association Stadium,Pune Warriors,2012-04-14,,22.56,0,4.0,19,4.75,-,-,0
34,36.0,MA Chidambaram Stadium,Pune Warriors,2012-04-19,37.0,22.89,1,4.0,35,8.75,35,24,0
35,37.0,MA Chidambaram Stadium,Rajasthan Royals,2012-04-21,38.0,22.79,1,4.0,19,4.75,19,24,0
36,39.0,MA Chidambaram Stadium,Punjab Kings,2012-04-28,,23.45,0,4.0,25,6.25,-,-,0
37,40.0,MA Chidambaram Stadium,Kolkata Knight Riders,2012-04-30,39.0,22.83,2,3.4,22,6.0,11,11,0
38,41.0,MA Chidambaram Stadium,Deccan Chargers,2012-05-04,,23.3,0,3.0,19,6.33,-,-,0
39,42.0,Wankhede Stadium,Mumbai Indians,2012-05-06,41.0,23.41,1,4.0,28,7.0,28,24,0
40,43.0,Sawai Mansingh Stadium,Rajasthan Royals,2012-05-10,42.0,23.17,1,2.0,13,6.5,13,12,0
41,44.0,MA Chidambaram Stadium,Delhi Capitals,2012-05-12,43.0,23.02,1,4.0,17,4.25,17,24,0
42,45.0,Eden Gardens,Kolkata Knight Riders,2012-05-14,44.0,23.09,1,4.0,26,6.5,26,24,0
43,46.0,Himachal Pradesh Cricket Association Stadium,Punjab Kings,2012-05-17,,23.7,0,4.0,27,6.75,-,-,0
44,47.0,M Chinnaswamy Stadium,Mumbai Indians,2012-05-23,45.0,23.58,1,3.0,18,6.0,18,18,0
45,48.0,MA Chidambaram Stadium,Delhi Capitals,2012-05-25,46.0,22.58,3,3.5,23,6.0,7.7,7.7,0
46,49.0,MA Chidambaram Stadium,Kolkata Knight Riders,2012-05-27,49.0,22.96,1,4.0,41,10.25,41,24,0
47,50.0,MA Chidambaram Stadium,Mumbai Indians,2013-04-06,50.0,22.92,1,4.0,21,5.25,21,24,0
48,51.0,Punjab Cricket Association IS Bindra Stadium,Punjab Kings,2013-04-10,51.0,22.9,1,3.0,22,7.33,22,18,0
49,52.0,MA Chidambaram Stadium,Royal Challengers Bangalore,2013-04-13,52.0,23.0,1,4.0,28,7.0,28,24,0
50,53.0,MA Chidambaram Stadium,Pune Warriors,2013-04-15,,23.46,0,4.0,24,6.0,-,-,0
51,54.0,Arun Jaitley Stadium,Delhi Capitals,2013-04-18,53.0,22.93,2,4.0,18,4.5,9,12,0
52,55.0,Eden Gardens,Kolkata Knight Riders,2013-04-20,55.0,22.48,2,4.0,21,5.25,10.5,12,0
53,56.0,MA Chidambaram Stadium,Rajasthan Royals,2013-04-22,57.0,22.05,2,4.0,20,5.0,10,12,0
54,57.0,MA Chidambaram Stadium,Sunrisers Hyderabad,2013-04-25,59.0,22.03,1,4.0,21,5.25,21,24,0
55,58.0,MA Chidambaram Stadium,Kolkata Knight Riders,2013-04-28,,22.47,0,3.0,26,8.67,-,-,0
56,59.0,Maharashtra Cricket Association Stadium,Pune Warriors,2013-04-30,,22.81,0,2.0,20,10.0,-,-,0
57,60.0,MA Chidambaram Stadium,Punjab Kings,2013-05-02,60.0,22.98,1,4.0,33,8.25,33,24,0
58,61.0,Wankhede Stadium,Mumbai Indians,2013-05-05,61.0,22.79,1,2.0,11,5.5,11,12,0
59,62.0,Rajiv Gandhi International Stadium,Sunrisers Hyderabad,2013-05-08,62.0,22.79,1,4.0,23,5.75,23,24,0
60,63.0,Sawai Mansingh Stadium,Rajasthan Royals,2013-05-12,,23.16,0,1.0,23,23.0,-,-,0
61,64.0,MA Chidambaram Stadium,Delhi Capitals,2013-05-14,63.0,22.73,2,4.0,19,4.75,9.5,12,0
62,65.0,M Chinnaswamy Stadium,Royal Challengers Bangalore,2013-05-18,,23.06,0,2.0,21,10.5,-,-,0
63,66.0,Arun Jaitley Stadium,Mumbai Indians,2013-05-21,,23.33,0,2.0,17,8.5,-,-,0
64,67.0,Eden Gardens,Mumbai Indians,2013-05-26,,23.67,0,3.0,22,7.33,-,-,0
65,68.0,Sheikh Zayed Stadium,Punjab Kings,2014-04-18,65.0,23.58,2,4.0,41,10.25,20.5,12,0
66,69.0,Sheikh Zayed Stadium,Delhi Capitals,2014-04-21,67.0,22.93,2,2.0,3,1.5,1.5,6,0
67,70.0,Dubai International Cricket Stadium,Rajasthan Royals,2014-04-23,69.0,22.99,1,3.5,27,7.04,27,23,0
68,71.0,Dubai International Cricket Stadium,Mumbai Indians,2014-04-25,,23.28,0,4.0,20,5.0,-,-,0
69,72.0,Sharjah Cricket Stadium,Sunrisers Hyderabad,2014-04-27,,23.52,0,4.0,17,4.25,-,-,0
70,73.0,JSCA International Stadium Complex,Kolkata Knight Riders,2014-05-02,70.0,23.49,1,4.0,21,5.25,21,24,0
71,74.0,Arun Jaitley Stadium,Delhi Capitals,2014-05-05,71.0,23.56,1,4.0,29,7.25,29,24,0
72,75.0,Barabati Stadium,Punjab Kings,2014-05-07,,24.1,0,2.0,38,19.0,-,-,0
73,76.0,Wankhede Stadium,Mumbai Indians,2014-05-10,72.0,23.53,3,4.0,30,7.5,10,8,0
74,77.0,JSCA International Stadium Complex,Rajasthan Royals,2014-05-13,75.0,23.73,1,4.0,39,9.75,39,24,0
75,78.0,JSCA International Stadium Complex,Royal Challengers Bangalore,2014-05-18,76.0,23.32,2,4.0,16,4.0,8,12,0
76,79.0,Eden Gardens,Kolkata Knight Riders,2014-05-20,,23.64,0,4.0,24,6.0,-,-,0
77,80.0,JSCA International Stadium Complex,Sunrisers Hyderabad,2014-05-22,,24.01,0,4.0,29,7.25,-,-,0
78,81.0,M Chinnaswamy Stadium,Royal Challengers Bangalore,2014-05-24,78.0,24.13,1,4.0,33,8.25,33,24,0
79,82.0,Brabourne Stadium,Mumbai Indians,2014-05-28,79.0,24.15,1,4.0,26,6.5,26,24,0
80,83.0,Wankhede Stadium,Punjab Kings,2014-05-30,80.0,24.4,1,4.0,44,11.0,44,24,0
81,84.0,MA Chidambaram Stadium,Delhi Capitals,2015-04-09,81.0,24.41,1,4.0,25,6.25,25,24,0
82,85.0,MA Chidambaram Stadium,Sunrisers Hyderabad,2015-04-11,82.0,24.38,1,4.0,22,5.5,22,24,0
83,86.0,Wankhede Stadium,Mumbai Indians,2015-04-17,,24.54,0,1.0,13,13.0,-,-,0
84,87.0,Sardar Patel Stadium,Rajasthan Royals,2015-04-19,,24.79,0,2.0,21,10.5,-,-,0
85,88.0,M Chinnaswamy Stadium,Royal Challengers Bangalore,2015-04-22,,25.0,0,1.0,17,17.0,-,-,0
86,89.0,MA Chidambaram Stadium,Punjab Kings,2015-04-25,83.0,24.57,2,4.0,14,3.5,7,12,0
87,90.0,MA Chidambaram Stadium,Kolkata Knight Riders,2015-04-28,85.0,24.06,2,2.0,5,2.5,2.5,6,0
88,91.0,MA Chidambaram Stadium,Mumbai Indians,2015-05-08,87.0,23.7,2,4.0,17,4.25,8.5,12,0
89,93.0,Shaheed Veer Narayan Sing International Stadium,Delhi Capitals,2015-05-12,,23.98,0,4.0,24,6.0,-,-,0
90,94.0,Punjab Cricket Association IS Bindra Stadium,Punjab Kings,2015-05-16,89.0,23.87,1,4.0,14,3.5,14,24,0
91,95.0,Wankhede Stadium,Mumbai Indians,2015-05-19,,24.11,0,3.0,22,7.33,-,-,0
92,96.0,JSCA International Stadium Complex,Royal Challengers Bangalore,2015-05-22,90.0,23.99,1,4.0,13,3.25,13,24,0
93,97.0,Eden Gardens,Mumbai Indians,2015-05-24,,24.22,0,2.0,21,10.5,-,-,0
94,98.0,Wankhede Stadium,Mumbai Indians,2016-04-09,91.0,24.03,1,1.0,7,7.0,7,6,0
95,99.0,Saurashtra Cricket Association Stadium,Gujarat Lions,2016-04-14,,24.32,0,4.0,26,6.5,-,-,0
96,100.0,Punjab Cricket Association IS Bindra Stadium,Punjab Kings,2016-04-17,,24.62,0,4.0,27,6.75,-,-,0
97,101.0,Maharashtra Cricket Association Stadium,Royal Challengers Bangalore,2016-04-22,,24.86,0,3.0,22,7.33,-,-,0
98,102.0,Maharashtra Cricket Association Stadium,Kolkata Knight Riders,2016-04-24,,25.09,0,2.0,21,10.5,-,-,0
99,103.0,Rajiv Gandhi International Stadium,Sunrisers Hyderabad,2016-04-26,92.0,24.97,1,4.0,14,3.5,14,24,0
100,104.0,Maharashtra Cricket Association Stadium,Gujarat Lions,2016-04-29,,25.37,0,4.0,37,9.25,-,-,0
101,105.0,Maharashtra Cricket Association Stadium,Mumbai Indians,2016-05-01,93.0,25.32,1,3.0,21,7.0,21,18,0
102,106.0,Arun Jaitley Stadium,Delhi Capitals,2016-05-05,,25.69,0,4.0,34,8.5,-,-,0
103,107.0,M Chinnaswamy Stadium,Royal Challengers Bangalore,2016-05-07,,25.76,0,1.0,7,7.0,-,-,0
104,108.0,Dr YS Rajasekhara Reddy Cricket Stadium,Sunrisers Hyderabad,2016-05-10,94.0,25.66,1,4.0,16,4.0,16,24,0
105,109.0,Eden Gardens,Kolkata Knight Riders,2016-05-14,95.0,25.44,2,2.0,30,15.0,15,6,0
106,110.0,Dr YS Rajasekhara Reddy Cricket Stadium,Delhi Capitals,2016-05-17,,25.68,0,4.0,23,5.75,-,-,0
107,111.0,Dr YS Rajasekhara Reddy Cricket Stadium,Punjab Kings,2016-05-21,97.0,24.99,4,4.0,34,8.5,8.5,6,0
108,112.0,Punjab Cricket Association IS Bindra Stadium,Delhi Capitals,2018-04-08,101.0,24.97,1,4.0,23,5.75,23,24,0
109,113.0,M Chinnaswamy Stadium,Royal Challengers Bangalore,2018-04-13,102.0,24.78,2,4.0,30,7.5,15,12,0
110,114.0,Punjab Cricket Association IS Bindra Stadium,Chennai Super Kings,2018-04-15,104.0,24.85,1,4.0,32,8.0,32,24,0
111,115.0,Punjab Cricket Association IS Bindra Stadium,Sunrisers Hyderabad,2018-04-19,,25.36,0,4.0,53,13.25,-,-,0
112,116.0,Eden Gardens,Kolkata Knight Riders,2018-04-21,105.0,25.43,1,4.0,33,8.25,33,24,0
113,117.0,Arun Jaitley Stadium,Delhi Capitals,2018-04-23,,25.61,0,4.0,19,4.75,-,-,0
114,118.0,Rajiv Gandhi International Stadium,Sunrisers Hyderabad,2018-04-26,,25.93,0,4.0,34,8.5,-,-,0
115,119.0,Holkar Cricket Stadium,Mumbai Indians,2018-05-04,,26.15,0,4.0,23,5.75,-,-,0
116,120.0,Holkar Cricket Stadium,Rajasthan Royals,2018-05-06,106.0,26.19,1,4.0,30,7.5,30,24,0
117,121.0,Sawai Mansingh Stadium,Rajasthan Royals,2018-05-08,,26.51,0,4.0,34,8.5,-,-,0
118,122.0,Holkar Cricket Stadium,Kolkata Knight Riders,2018-05-12,,26.85,0,2.4,36,13.5,-,-,0
119,123.0,Holkar Cricket Stadium,Royal Challengers Bangalore,2018-05-14,,26.93,0,1.0,9,9.0,-,-,0
120,124.0,Wankhede Stadium,Mumbai Indians,2018-05-16,107.0,26.6,2,3.0,18,6.0,9,9,0
121,125.0,Maharashtra Cricket Association Stadium,Chennai Super Kings,2018-05-20,109.0,26.45,2,4.0,36,9.0,18,12,0
122,126.0,Sawai Mansingh Stadium,Rajasthan Royals,2019-03-25,111.0,26.39,1,4.0,20,5.0,20,24,0
123,127.0,Eden Gardens,Kolkata Knight Riders,2019-03-27,,26.81,0,4.0,47,11.75,-,-,0
124,128.0,Punjab Cricket Association IS Bindra Stadium,Mumbai Indians,2019-03-30,,27.05,0,4.0,26,6.5,-,-,0
125,129.0,Punjab Cricket Association IS Bindra Stadium,Delhi Capitals,2019-04-01,112.0,26.84,2,4.0,31,7.75,15.5,12,0
126,130.0,MA Chidambaram Stadium,Chennai Super Kings,2019-04-06,114.0,26.34,3,4.0,23,5.75,7.7,8,0
127,131.0,Punjab Cricket Association IS Bindra Stadium,Sunrisers Hyderabad,2019-04-08,117.0,26.38,1,4.0,30,7.5,30,24,0
128,132.0,Wankhede Stadium,Mumbai Indians,2019-04-10,118.0,26.47,1,4.0,37,9.25,37,24,0
129,133.0,Punjab Cricket Association IS Bindra Stadium,Royal Challengers Bangalore,2019-04-13,119.0,26.5,1,4.0,30,7.5,30,24,0
130,134.0,Punjab Cricket Association IS Bindra Stadium,Rajasthan Royals,2019-04-16,120.0,26.26,2,4.0,24,6.0,12,12,0
131,135.0,Arun Jaitley Stadium,Delhi Capitals,2019-04-20,,26.47,0,3.0,26,8.67,-,-,0
132,136.0,M Chinnaswamy Stadium,Royal Challengers Bangalore,2019-04-24,122.0,26.38,1,4.0,15,3.75,15,24,0
133,137.0,Rajiv Gandhi International Stadium,Sunrisers Hyderabad,2019-04-29,123.0,26.19,2,4.0,30,7.5,15,12,0
134,138.0,Punjab Cricket Association IS Bindra Stadium,Kolkata Knight Riders,2019-05-03,125.0,26.29,1,4.0,38,9.5,38,24,0
135,139.0,Punjab Cricket Association IS Bindra Stadium,Chennai Super Kings,2019-05-05,,26.47,0,4.0,23,5.75,-,-,0
