,Match,Ground,Versus,Date,Wkts,Avg,WicketsCric,Overs,Runs,Econ,AvgCric,SR,5W
0,10.0,Sawai Mansingh Stadium,Royal Challengers Bangalore,2008-05-17,,,0,2.0,21,10.5,-,-,0
1,13.0,Wankhede Stadium,Delhi Capitals,2008-05-30,,,0,0.1,0,0.0,-,-,0
2,16.0,Newlands,Kolkata Knight Riders,2009-04-23,,,0,1.0,7,7.0,-,-,0
3,18.0,SuperSport Park,Delhi Capitals,2009-04-28,,,0,2.0,17,8.5,-,-,0
4,20.0,St George's Park,Deccan Chargers,2009-05-02,1.0,67.0,1,4.0,22,5.5,22,24,0
5,21.0,Kingsmead,Punjab Kings,2009-05-05,,73.0,0,1.0,6,6.0,-,-,0
6,22.0,SuperSport Park,Royal Challengers Bangalore,2009-05-07,2.0,22.0,3,4.0,15,3.75,5,8,0
7,23.0,Diamond Oval,Chennai Super Kings,2009-05-09,,25.5,0,2.2,14,6.0,-,-,0
8,24.0,Diamond Oval,Deccan Chargers,2009-05-11,5.0,21.33,2,4.0,26,6.5,13,12,0
9,25.0,Kingsmead,Mumbai Indians,2009-05-14,,24.33,0,1.0,18,18.0,-,-,0
10,26.0,Mangaung Oval,Delhi Capitals,2009-05-17,,26.5,0,2.0,13,6.5,-,-,0
11,27.0,Kingsmead,Kolkata Knight Riders,2009-05-20,,28.67,0,2.0,13,6.5,-,-,0
12,28.0,Nehru Stadium (Kochi),Royal Challengers Bangalore,2011-04-09,7.0,28.57,1,4.0,28,7.0,28,24,0
13,29.0,Dr DY Patil Sports Academy,Pune Warriors,2011-04-13,8.0,28.5,1,4.0,28,7.0,28,24,0
14,30.0,Barabati Stadium,Mumbai Indians,2011-04-15,,32.13,0,4.0,29,7.25,-,-,0
15,31.0,Nehru Stadium (Kochi),Chennai Super Kings,2011-04-18,,33.88,0,1.0,14,14.0,-,-,0
16,32.0,Eden Gardens,Kolkata Knight Riders,2011-04-20,9.0,29.6,2,4.0,25,6.25,12.5,12,0
17,33.0,Sawai Mansingh Stadium,Rajasthan Royals,2011-04-24,11.0,29.09,1,3.0,24,8.0,24,18,0
18,34.0,Nehru Stadium (Kochi),Deccan Chargers,2011-04-27,,31.36,0,3.0,25,8.33,-,-,0
19,35.0,Nehru Stadium (Kochi),Delhi Capitals,2011-04-30,12.0,31.0,1,4.0,27,6.75,27,24,0
20,36.0,Arun Jaitley Stadium,Delhi Capitals,2011-05-02,,32.33,0,2.0,16,8.0,-,-,0
21,37.0,Nehru Stadium (Kochi),Kolkata Knight Riders,2011-05-05,,32.92,0,1.0,7,7.0,-,-,0
22,38.0,M Chinnaswamy Stadium,Royal Challengers Bangalore,2011-05-08,,34.92,0,4.0,24,6.0,-,-,0
23,39.0,Holkar Cricket Stadium,Punjab Kings,2011-05-13,,37.17,0,3.0,27,9.0,-,-,0
24,40.0,Holkar Cricket Stadium,Rajasthan Royals,2011-05-15,,37.58,0,1.0,5,5.0,-,-,0
25,41.0,MA Chidambaram Stadium,Chennai Super Kings,2011-05-18,13.0,34.07,2,4.0,26,6.5,13,12,0
26,42.0,MA Chidambaram Stadium,Mumbai Indians,2012-04-04,,35.21,0,1.0,16,16.0,-,-,0
27,43.0,Dr YS Rajasekhara Reddy Cricket Stadium,Deccan Chargers,2012-04-07,15.0,26.79,5,4.0,16,4.0,3.2,4.8,1
28,44.0,Arun Jaitley Stadium,Delhi Capitals,2012-04-10,,27.79,0,2.0,19,9.5,-,-,0
29,45.0,MA Chidambaram Stadium,Royal Challengers Bangalore,2012-04-12,20.0,26.0,2,2.0,18,9.0,9,6,0
30,47.0,MA Chidambaram Stadium,Pune Warriors,2012-04-19,,27.0,0,4.0,21,5.25,-,-,0
31,48.0,MA Chidambaram Stadium,Rajasthan Royals,2012-04-21,,28.52,0,3.0,32,10.67,-,-,0
32,50.0,MA Chidambaram Stadium,Punjab Kings,2012-04-28,,29.24,0,1.0,15,15.0,-,-,0
33,51.0,MA Chidambaram Stadium,Kolkata Knight Riders,2012-04-30,,29.86,0,2.0,13,6.5,-,-,0
34,52.0,MA Chidambaram Stadium,Deccan Chargers,2012-05-04,,31.05,0,3.0,25,8.33,-,-,0
35,53.0,Wankhede Stadium,Mumbai Indians,2012-05-06,22.0,30.18,2,2.0,12,6.0,6,6,0
36,54.0,Sawai Mansingh Stadium,Rajasthan Royals,2012-05-10,23.0,29.78,1,4.0,21,5.25,21,24,0
37,55.0,MA Chidambaram Stadium,Delhi Capitals,2012-05-12,,30.26,0,1.0,11,11.0,-,-,0
38,56.0,Eden Gardens,Kolkata Knight Riders,2012-05-14,24.0,30.63,1,4.0,39,9.75,39,24,0
39,58.0,M Chinnaswamy Stadium,Mumbai Indians,2012-05-23,25.0,30.0,1,2.0,15,7.5,15,12,0
40,61.0,MA Chidambaram Stadium,Mumbai Indians,2013-04-06,,30.48,0,2.0,12,6.0,-,-,0
41,62.0,Punjab Cricket Association IS Bindra Stadium,Punjab Kings,2013-04-10,26.0,30.42,1,4.0,29,7.25,29,24,0
42,63.0,MA Chidambaram Stadium,Royal Challengers Bangalore,2013-04-13,,31.19,0,2.0,20,10.0,-,-,0
43,64.0,MA Chidambaram Stadium,Pune Warriors,2013-04-15,,32.23,1,4.0,27,6.75,27,24,0
44,65.0,Arun Jaitley Stadium,Delhi Capitals,2013-04-18,27.0,31.81,1,4.0,21,5.25,21,24,0
45,66.0,Eden Gardens,Kolkata Knight Riders,2013-04-20,28.0,29.3,3,4.0,20,5.0,6.7,8,0
46,67.0,MA Chidambaram Stadium,Rajasthan Royals,2013-04-22,,30.8,0,3.0,45,15.0,-,-,0
47,68.0,MA Chidambaram Stadium,Sunrisers Hyderabad,2013-04-25,,31.07,0,1.0,8,8.0,-,-,0
48,69.0,MA Chidambaram Stadium,Kolkata Knight Riders,2013-04-28,,31.5,0,2.0,13,6.5,-,-,0
49,70.0,Maharashtra Cricket Association Stadium,Pune Warriors,2013-04-30,31.0,31.32,1,4.0,26,6.5,26,24,0
50,72.0,Wankhede Stadium,Mumbai Indians,2013-05-05,32.0,29.41,3,4.0,29,7.25,9.7,8,0
51,73.0,Rajiv Gandhi International Stadium,Sunrisers Hyderabad,2013-05-08,,29.82,0,2.0,14,7.0,-,-,0
52,74.0,Sawai Mansingh Stadium,Rajasthan Royals,2013-05-12,,30.09,0,1.1,9,7.71,-,-,0
53,77.0,Arun Jaitley Stadium,Mumbai Indians,2013-05-21,35.0,28.49,3,4.0,31,7.75,10.3,8,0
54,78.0,Eden Gardens,Mumbai Indians,2013-05-26,,29.0,0,2.0,19,9.5,-,-,0
55,79.0,Sheikh Zayed Stadium,Punjab Kings,2014-04-18,,30.16,0,4.0,43,10.75,-,-,0
56,80.0,Sheikh Zayed Stadium,Delhi Capitals,2014-04-21,38.0,29.08,2,2.4,18,6.75,9,8,0
57,81.0,Dubai International Cricket Stadium,Rajasthan Royals,2014-04-23,40.0,27.14,4,4.0,33,8.25,8.2,6,0
58,82.0,Dubai International Cricket Stadium,Mumbai Indians,2014-04-25,,27.47,0,1.0,14,14.0,-,-,0
59,83.0,Sharjah Cricket Stadium,Sunrisers Hyderabad,2014-04-27,,28.0,0,3.0,23,7.67,-,-,0
60,84.0,JSCA International Stadium Complex,Kolkata Knight Riders,2014-05-02,44.0,25.87,4,4.0,12,3.0,3,6,0
61,85.0,Arun Jaitley Stadium,Delhi Capitals,2014-05-05,48.0,25.81,1,4.0,23,5.75,23,24,0
62,86.0,Barabati Stadium,Punjab Kings,2014-05-07,,26.58,0,3.0,37,12.33,-,-,0
63,87.0,Wankhede Stadium,Mumbai Indians,2014-05-10,,27.27,0,4.0,33,8.25,-,-,0
64,88.0,JSCA International Stadium Complex,Rajasthan Royals,2014-05-13,49.0,26.54,2,4.0,18,4.5,9,12,0
65,89.0,JSCA International Stadium Complex,Royal Challengers Bangalore,2014-05-18,51.0,26.63,1,4.0,31,7.75,31,24,0
66,90.0,Eden Gardens,Kolkata Knight Riders,2014-05-20,52.0,26.56,1,3.0,23,7.67,23,18,0
67,91.0,JSCA International Stadium Complex,Sunrisers Hyderabad,2014-05-22,53.0,26.85,1,3.4,42,11.45,42,22,0
68,92.0,M Chinnaswamy Stadium,Royal Challengers Bangalore,2014-05-24,54.0,26.61,1,2.0,14,7.0,14,12,0
69,93.0,Brabourne Stadium,Mumbai Indians,2014-05-28,55.0,26.21,2,4.0,31,7.75,15.5,12,0
70,94.0,Wankhede Stadium,Punjab Kings,2014-05-30,,27.07,0,4.0,48,12.0,-,-,0
71,96.0,MA Chidambaram Stadium,Sunrisers Hyderabad,2015-04-11,,27.38,0,1.0,17,17.0,-,-,0
72,97.0,Wankhede Stadium,Mumbai Indians,2015-04-17,,28.25,0,2.0,25,12.5,-,-,0
73,98.0,Sardar Patel Stadium,Rajasthan Royals,2015-04-19,57.0,28.26,0,4.0,49,12.25,-,-,0
74,99.0,M Chinnaswamy Stadium,Royal Challengers Bangalore,2015-04-22,58.0,28.41,1,4.0,29,7.25,29,24,0
75,100.0,MA Chidambaram Stadium,Punjab Kings,2015-04-25,59.0,27.38,1,4.0,37,9.25,37,24,0
76,101.0,MA Chidambaram Stadium,Kolkata Knight Riders,2015-04-28,,27.56,3,4.0,22,5.5,7.3,8,0
77,102.0,Eden Gardens,Kolkata Knight Riders,2015-04-30,,27.97,0,3.0,11,3.67,-,-,0
78,104.0,MA Chidambaram Stadium,Royal Challengers Bangalore,2015-05-04,,28.15,0,2.0,11,5.5,-,-,0
79,105.0,MA Chidambaram Stadium,Mumbai Indians,2015-05-08,,28.59,0,4.0,27,6.75,-,-,0
80,106.0,MA Chidambaram Stadium,Rajasthan Royals,2015-05-10,62.0,27.0,4,4.0,11,2.75,2.8,6,0
81,107.0,Shaheed Veer Narayan Sing International Stadium,Delhi Capitals,2015-05-12,,27.25,0,2.4,16,6.0,-,-,0
82,108.0,Punjab Cricket Association IS Bindra Stadium,Punjab Kings,2015-05-16,66.0,27.11,1,3.0,18,6.0,18,18,0
83,109.0,Wankhede Stadium,Mumbai Indians,2015-05-19,67.0,26.97,1,2.0,18,9.0,18,12,0
84,110.0,JSCA International Stadium Complex,Royal Challengers Bangalore,2015-05-22,,27.16,0,1.0,13,13.0,-,-,0
85,111.0,Eden Gardens,Mumbai Indians,2015-05-24,,27.55,0,2.0,26,13.0,-,-,0
86,112.0,Punjab Cricket Association IS Bindra Stadium,Punjab Kings,2016-04-11,68.0,27.19,2,4.0,30,7.5,15,12,0
87,113.0,Saurashtra Cricket Association Stadium,Rising Pune Supergiant,2016-04-14,70.0,26.68,2,4.0,18,4.5,9,12,0
88,114.0,Saurashtra Cricket Association Stadium,Sunrisers Hyderabad,2016-04-21,,26.96,0,2.5,20,7.06,-,-,0
89,115.0,Saurashtra Cricket Association Stadium,Royal Challengers Bangalore,2016-04-24,,27.2,0,3.0,17,5.67,-,-,0
90,116.0,Arun Jaitley Stadium,Delhi Capitals,2016-04-27,,27.39,0,1.0,14,14.0,-,-,0
91,117.0,Maharashtra Cricket Association Stadium,Rising Pune Supergiant,2016-04-29,,27.92,0,4.0,37,9.25,-,-,0
92,118.0,Saurashtra Cricket Association Stadium,Punjab Kings,2016-05-01,72.0,27.92,1,3.0,28,9.33,28,18,0
93,119.0,Saurashtra Cricket Association Stadium,Delhi Capitals,2016-05-03,73.0,27.82,1,2.2,21,9.0,21,14,0
94,120.0,Rajiv Gandhi International Stadium,Sunrisers Hyderabad,2016-05-06,,28.01,0,2.0,14,7.0,-,-,0
95,121.0,Eden Gardens,Kolkata Knight Riders,2016-05-08,,28.36,0,3.0,25,8.33,-,-,0
96,122.0,M Chinnaswamy Stadium,Royal Challengers Bangalore,2016-05-14,,28.82,0,4.0,34,8.5,-,-,0
97,123.0,Green Park,Kolkata Knight Riders,2016-05-19,,29.05,0,2.0,17,8.5,-,-,0
98,124.0,Green Park,Mumbai Indians,2016-05-21,,29.26,0,1.0,15,15.0,-,-,0
99,125.0,M Chinnaswamy Stadium,Royal Challengers Bangalore,2016-05-24,74.0,28.76,2,4.0,21,5.25,10.5,12,0
100,127.0,Saurashtra Cricket Association Stadium,Rising Pune Supergiant,2017-04-14,76.0,28.91,1,4.0,40,10.0,40,24,0
101,128.0,Wankhede Stadium,Mumbai Indians,2017-04-16,,29.36,0,4.0,34,8.5,-,-,0
102,129.0,Saurashtra Cricket Association Stadium,Royal Challengers Bangalore,2017-04-18,,30.11,0,4.0,57,14.25,-,-,0
103,130.0,Eden Gardens,Kolkata Knight Riders,2017-04-21,,30.51,0,4.0,31,7.75,-,-,0
104,131.0,Saurashtra Cricket Association Stadium,Punjab Kings,2017-04-23,77.0,30.53,1,4.0,32,8.0,32,24,0
105,132.0,M Chinnaswamy Stadium,Royal Challengers Bangalore,2017-04-27,78.0,30.11,2,4.0,28,7.0,14,12,0
106,133.0,Saurashtra Cricket Association Stadium,Mumbai Indians,2017-04-29,,30.25,0,1.0,11,11.0,-,-,0
107,134.0,Maharashtra Cricket Association Stadium,Rising Pune Supergiant,2017-05-01,,30.49,0,2.0,19,9.5,-,-,0
108,135.0,Arun Jaitley Stadium,Delhi Capitals,2017-05-04,80.0,30.46,1,2.0,28,14.0,28,12,0
109,136.0,Punjab Cricket Association IS Bindra Stadium,Punjab Kings,2017-05-07,,30.7,0,2.0,19,9.5,-,-,0
110,137.0,Green Park,Delhi Capitals,2017-05-10,,31.09,0,4.0,31,7.75,-,-,0
111,138.0,Green Park,Sunrisers Hyderabad,2017-05-13,,31.33,0,3.0,19,6.33,-,-,0
112,139.0,Wankhede Stadium,Mumbai Indians,2018-04-07,,31.44,0,1.0,9,9.0,-,-,0
113,140.0,MA Chidambaram Stadium,Kolkata Knight Riders,2018-04-10,81.0,31.28,1,2.0,19,9.5,19,12,0
114,142.0,Maharashtra Cricket Association Stadium,Rajasthan Royals,2018-04-20,,31.36,0,1.0,6,6.0,-,-,0
115,143.0,Rajiv Gandhi International Stadium,Sunrisers Hyderabad,2018-04-22,,31.7,0,4.0,28,7.0,-,-,0
116,144.0,M Chinnaswamy Stadium,Royal Challengers Bangalore,2018-04-25,,31.98,0,2.0,22,11.0,-,-,0
117,146.0,Maharashtra Cricket Association Stadium,Delhi Capitals,2018-04-30,82.0,31.96,1,4.0,31,7.75,31,24,0
118,147.0,Eden Gardens,Kolkata Knight Riders,2018-05-03,83.0,32.05,1,4.0,39,9.75,39,24,0
119,148.0,Maharashtra Cricket Association Stadium,Royal Challengers Bangalore,2018-05-05,84.0,31.14,3,4.0,18,4.5,6,8,0
120,149.0,Sawai Mansingh Stadium,Rajasthan Royals,2018-05-11,87.0,31.1,1,4.0,28,7.0,28,24,0
121,150.0,Maharashtra Cricket Association Stadium,Sunrisers Hyderabad,2018-05-13,,31.38,0,2.0,24,12.0,-,-,0
122,151.0,Arun Jaitley Stadium,Delhi Capitals,2018-05-18,88.0,31.24,1,4.0,19,4.75,19,24,0
123,152.0,Maharashtra Cricket Association Stadium,Punjab Kings,2018-05-20,89.0,31.15,1,3.0,23,7.67,23,18,0
124,153.0,Wankhede Stadium,Sunrisers Hyderabad,2018-05-22,90.0,30.94,1,4.0,13,3.25,13,24,0
125,154.0,Wankhede Stadium,Sunrisers Hyderabad,2018-05-27,91.0,30.87,1,2.0,24,12.0,24,12,0
126,155.0,MA Chidambaram Stadium,Royal Challengers Bangalore,2019-03-23,92.0,30.37,2,4.0,15,3.75,7.5,12,0
127,156.0,Arun Jaitley Stadium,Delhi Capitals,2019-03-26,94.0,30.29,1,4.0,23,5.75,23,24,0
128,157.0,MA Chidambaram Stadium,Rajasthan Royals,2019-03-31,,30.53,0,2.0,23,11.5,-,-,0
129,158.0,Wankhede Stadium,Mumbai Indians,2019-04-03,95.0,30.32,1,2.0,10,5.0,10,12,0
130,159.0,MA Chidambaram Stadium,Punjab Kings,2019-04-06,,30.57,0,4.0,24,6.0,-,-,0
131,160.0,MA Chidambaram Stadium,Kolkata Knight Riders,2019-04-09,96.0,30.43,1,4.0,17,4.25,17,24,0
132,161.0,Sawai Mansingh Stadium,Rajasthan Royals,2019-04-11,97.0,30.01,2,4.0,20,5.0,10,12,0
133,162.0,Eden Gardens,Kolkata Knight Riders,2019-04-14,,30.51,0,4.0,49,12.25,-,-,0
134,163.0,Rajiv Gandhi International Stadium,Sunrisers Hyderabad,2019-04-17,,30.73,0,4.0,22,5.5,-,-,0
135,164.0,M Chinnaswamy Stadium,Royal Challengers Bangalore,2019-04-21,99.0,30.41,2,4.0,29,7.25,14.5,12,0
136,165.0,MA Chidambaram Stadium,Sunrisers Hyderabad,2019-04-23,,30.74,0,4.0,33,8.25,-,-,0
137,166.0,MA Chidambaram Stadium,Delhi Capitals,2019-05-01,101.0,29.93,3,3.0,9,3.0,3,6,0
138,167.0,Punjab Cricket Association IS Bindra Stadium,Punjab Kings,2019-05-05,104.0,29.8,1,2.0,16,8.0,16,12,0
139,168.0,MA Chidambaram Stadium,Mumbai Indians,2019-05-07,,29.97,0,4.0,18,4.5,-,-,0
140,169.0,Dr YS Rajasekhara Reddy Cricket Stadium,Delhi Capitals,2019-05-10,105.0,29.62,2,3.0,23,7.67,11.5,9,0
141,170.0,Rajiv Gandhi International Stadium,Mumbai Indians,2019-05-12,,29.74,0,2.0,12,6.0,-,-,0
