,Match,Ground,Versus,Date,Wkts,Avg,WicketsCric,Overs,Runs,Econ,AvgCric,SR,5W
0,1.0,Arun Jaitley Stadium,Delhi Capitals,2010-03-17,1.0,24.0,1,4.0,24,6.0,24,24,0
1,2.0,Barabati Stadium,Royal Challengers Bangalore,2010-03-20,,48.0,0,2.0,24,12.0,-,-,0
2,5.0,Dr DY Patil Sports Academy,Deccan Chargers,2010-03-28,2.0,34.0,1,2.0,20,10.0,20,12,0
3,6.0,Brabourne Stadium,Punjab Kings,2010-03-30,,44.0,0,2.0,20,10.0,-,-,0
4,7.0,Brabourne Stadium,Deccan Chargers,2010-04-03,3.0,28.5,2,4.0,26,6.5,13,12,0
5,8.0,MA Chidambaram Stadium,Chennai Super Kings,2010-04-06,5.0,23.5,2,4.0,27,6.75,13.5,12,0
6,9.0,Punjab Cricket Association IS Bindra Stadium,Punjab Kings,2010-04-09,7.0,21.43,1,1.0,9,9.0,9,6,0
7,10.0,Sawai Mansingh Stadium,Rajasthan Royals,2010-04-11,8.0,21.13,1,2.0,19,9.5,19,12,0
8,11.0,Brabourne Stadium,Delhi Capitals,2010-04-13,,23.0,0,4.0,15,3.75,-,-,0
9,12.0,M Chinnaswamy Stadium,Royal Challengers Bangalore,2010-04-17,9.0,19.27,3,4.0,28,7.0,9.3,8,0
10,13.0,Dr DY Patil Sports Academy,Royal Challengers Bangalore,2010-04-21,12.0,16.36,3,4.0,17,4.25,5.7,8,0
11,14.0,Dr DY Patil Sports Academy,Chennai Super Kings,2010-04-25,15.0,18.27,1,4.0,45,11.25,45,24,0
12,15.0,Arun Jaitley Stadium,Delhi Capitals,2011-04-10,,19.47,0,3.0,18,6.0,-,-,0
13,16.0,M Chinnaswamy Stadium,Royal Challengers Bangalore,2011-04-12,16.0,18.65,2,4.0,25,6.25,12.5,12,0
14,17.0,Barabati Stadium,Kochi Tuskers Kerala,2011-04-15,,21.18,0,3.0,43,14.33,-,-,0
15,18.0,Wankhede Stadium,Pune Warriors,2011-04-20,,21.94,0,1.0,13,13.0,-,-,0
16,19.0,Wankhede Stadium,Chennai Super Kings,2011-04-22,18.0,22.39,1,4.0,30,7.5,30,24,0
17,20.0,Rajiv Gandhi International Stadium,Deccan Chargers,2011-04-24,19.0,22.26,1,2.0,20,10.0,20,12,0
18,21.0,Sawai Mansingh Stadium,Rajasthan Royals,2011-04-29,,23.11,0,2.0,16,8.0,-,-,0
19,22.0,Wankhede Stadium,Punjab Kings,2011-05-02,20.0,22.85,1,3.0,18,6.0,18,18,0
20,23.0,Dr DY Patil Sports Academy,Pune Warriors,2011-05-04,21.0,23.48,1,4.0,36,9.0,36,24,0
21,24.0,Wankhede Stadium,Delhi Capitals,2011-05-07,22.0,22.48,2,2.3,24,9.6,12,7.5,0
22,25.0,Punjab Cricket Association IS Bindra Stadium,Punjab Kings,2011-05-10,,22.96,0,2.0,11,5.5,-,-,0
23,26.0,Wankhede Stadium,Deccan Chargers,2011-05-14,24.0,22.42,1,2.0,10,5.0,10,12,0
24,27.0,Wankhede Stadium,Rajasthan Royals,2011-05-20,,23.21,0,2.0,19,9.5,-,-,0
25,29.0,Wankhede Stadium,Kolkata Knight Riders,2011-05-25,,24.5,0,3.0,31,10.33,-,-,0
26,30.0,MA Chidambaram Stadium,Royal Challengers Bangalore,2011-05-27,25.0,24.48,1,3.0,24,8.0,24,18,0
27,31.0,MA Chidambaram Stadium,Chennai Super Kings,2012-04-04,26.0,23.22,2,4.0,15,3.75,7.5,12,0
28,32.0,Wankhede Stadium,Pune Warriors,2012-04-06,28.0,23.5,1,4.0,31,7.75,31,24,0
29,33.0,Dr YS Rajasekhara Reddy Cricket Stadium,Deccan Chargers,2012-04-09,29.0,23.03,2,4.0,33,8.25,16.5,12,0
30,34.0,Wankhede Stadium,Rajasthan Royals,2012-04-11,31.0,21.62,4,4.0,44,11.0,11,6,0
31,35.0,Wankhede Stadium,Delhi Capitals,2012-04-16,,21.79,0,0.5,6,7.2,-,-,0
32,36.0,Wankhede Stadium,Punjab Kings,2012-04-22,35.0,20.97,2,4.0,14,3.5,7,12,0
33,37.0,Punjab Cricket Association IS Bindra Stadium,Punjab Kings,2012-04-25,,21.72,0,3.0,27,9.0,-,-,0
34,38.0,Arun Jaitley Stadium,Delhi Capitals,2012-04-27,,22.36,0,1.0,23,23.0,-,-,0
35,39.0,Wankhede Stadium,Royal Challengers Bangalore,2012-05-09,,23.28,0,3.0,33,11.0,-,-,0
36,40.0,Eden Gardens,Kolkata Knight Riders,2012-05-12,37.0,23.43,1,4.0,29,7.25,29,24,0
37,41.0,M Chinnaswamy Stadium,Royal Challengers Bangalore,2012-05-14,38.0,23.34,1,3.0,20,6.67,20,18,0
38,42.0,Wankhede Stadium,Kolkata Knight Riders,2012-05-16,39.0,23.26,1,3.0,20,6.67,20,18,0
39,43.0,Sawai Mansingh Stadium,Rajasthan Royals,2012-05-20,40.0,23.4,1,3.0,29,9.67,29,18,0
40,44.0,M Chinnaswamy Stadium,Chennai Super Kings,2012-05-23,41.0,23.46,1,3.0,26,8.67,26,18,0
41,45.0,M Chinnaswamy Stadium,Royal Challengers Bangalore,2013-04-04,,23.83,0,1.0,15,15.0,-,-,0
42,46.0,MA Chidambaram Stadium,Chennai Super Kings,2013-04-06,42.0,24.21,1,4.0,40,10.0,40,24,0
43,47.0,Wankhede Stadium,Delhi Capitals,2013-04-09,43.0,23.91,2,4.0,35,8.75,17.5,12,0
44,48.0,Wankhede Stadium,Pune Warriors,2013-04-13,45.0,23.8,1,3.0,19,6.33,19,18,0
45,49.0,Sawai Mansingh Stadium,Rajasthan Royals,2013-04-17,46.0,23.8,1,2.0,24,12.0,24,12,0
46,50.0,Arun Jaitley Stadium,Delhi Capitals,2013-04-21,,24.04,0,1.0,11,11.0,-,-,0
47,51.0,Eden Gardens,Kolkata Knight Riders,2013-04-24,,24.35,0,2.0,14,7.0,-,-,0
48,52.0,Wankhede Stadium,Royal Challengers Bangalore,2013-04-27,,24.76,0,2.0,19,9.5,-,-,0
49,53.0,Wankhede Stadium,Punjab Kings,2013-04-29,,25.09,0,1.0,15,15.0,-,-,0
50,57.0,Wankhede Stadium,Sunrisers Hyderabad,2013-05-13,,25.3,0,1.0,10,10.0,-,-,0
51,59.0,Himachal Pradesh Cricket Association Stadium,Punjab Kings,2013-05-18,47.0,25.23,1,2.0,22,11.0,22,12,0
52,60.0,Arun Jaitley Stadium,Chennai Super Kings,2013-05-21,48.0,25.29,1,3.0,28,9.33,28,18,0
53,61.0,Eden Gardens,Rajasthan Royals,2013-05-24,49.0,24.4,2,1.0,6,6.0,3,3,0
54,62.0,Eden Gardens,Chennai Super Kings,2013-05-26,51.0,24.59,1,4.0,34,8.5,34,24,0
55,63.0,Sheikh Zayed Stadium,Kolkata Knight Riders,2014-04-16,,24.96,0,2.0,19,9.5,-,-,0
56,65.0,Dubai International Cricket Stadium,Chennai Super Kings,2014-04-25,,25.16,0,1.0,10,10.0,-,-,0
57,67.0,Dubai International Cricket Stadium,Sunrisers Hyderabad,2014-04-30,,25.86,0,4.0,36,9.0,-,-,0
58,68.0,Wankhede Stadium,Punjab Kings,2014-05-03,,26.49,0,2.3,32,12.8,-,-,0
59,69.0,Wankhede Stadium,Royal Challengers Bangalore,2014-05-06,,27.22,0,4.0,37,9.25,-,-,0
60,70.0,Wankhede Stadium,Chennai Super Kings,2014-05-10,52.0,27.5,1,2.3,42,16.8,42,15,0
61,71.0,Rajiv Gandhi International Stadium,Sunrisers Hyderabad,2014-05-12,,27.9,0,2.0,21,10.5,-,-,0
62,72.0,Barabati Stadium,Kolkata Knight Riders,2014-05-14,,28.04,0,1.0,7,7.0,-,-,0
63,73.0,Sardar Patel Stadium,Rajasthan Royals,2014-05-19,,28.25,0,1.0,11,11.0,-,-,0
64,75.0,Wankhede Stadium,Delhi Capitals,2014-05-23,,28.33,0,1.0,4,4.0,-,-,0
65,76.0,Wankhede Stadium,Rajasthan Royals,2014-05-25,53.0,28.42,1,3.0,33,11.0,33,18,0
66,77.0,Brabourne Stadium,Chennai Super Kings,2014-05-28,,28.6,0,1.0,10,10.0,-,-,0
67,79.0,Wankhede Stadium,Punjab Kings,2015-04-12,,28.81,0,1.0,11,11.0,-,-,0
68,81.0,Wankhede Stadium,Chennai Super Kings,2015-04-17,54.0,28.76,1,1.4,26,15.6,26,10,0
69,82.0,M Chinnaswamy Stadium,Royal Challengers Bangalore,2015-04-19,,28.93,0,1.0,9,9.0,-,-,0
70,83.0,Arun Jaitley Stadium,Delhi Capitals,2015-04-23,,29.39,0,2.0,25,12.5,-,-,0
71,86.0,Punjab Cricket Association IS Bindra Stadium,Punjab Kings,2015-05-03,,29.52,0,1.0,7,7.0,-,-,0
72,90.0,Wankhede Stadium,Kolkata Knight Riders,2015-05-14,55.0,29.09,1,1.0,6,6.0,6,6,0
73,91.0,Rajiv Gandhi International Stadium,Sunrisers Hyderabad,2015-05-17,56.0,28.82,1,2.0,14,7.0,14,12,0
74,92.0,Wankhede Stadium,Chennai Super Kings,2015-05-19,,29.21,0,3.0,22,7.33,-,-,0
75,98.0,Arun Jaitley Stadium,Delhi Capitals,2016-04-23,,29.41,0,1.0,11,11.0,-,-,0
76,99.0,Punjab Cricket Association IS Bindra Stadium,Punjab Kings,2016-04-25,,29.86,0,2.0,25,12.5,-,-,0
77,102.0,Dr YS Rajasekhara Reddy Cricket Stadium,Sunrisers Hyderabad,2016-05-08,,30.27,0,2.0,23,11.5,-,-,0
78,103.0,M Chinnaswamy Stadium,Royal Challengers Bangalore,2016-05-11,,30.66,0,1.0,22,22.0,-,-,0
79,107.0,Maharashtra Cricket Association Stadium,Rising Pune Supergiant,2017-04-06,,31.2,0,1.5,30,16.36,-,-,0
