,Match,Ground,Versus,Date,Wkts,Avg,WicketsCric,Overs,Runs,Econ,AvgCric,SR,5W
0,1.0,Wankhede Stadium,Gujarat Lions,2016-04-16,1.0,20.0,1,4.0,20,5.0,20,24,0
1,3.0,Barabati Stadium,Royal Challengers Bangalore,2016-04-20,2.0,15.67,2,4.0,27,6.75,13.5,12,0
2,4.0,Arun Jaitley Stadium,Delhi Capitals,2016-04-23,,24.0,0,4.0,25,6.25,-,-,0
3,5.0,Punjab Cricket Association IS Bindra Stadium,Punjab Kings,2016-04-25,,30.67,0,2.0,20,10.0,-,-,0
4,6.0,Wankhede Stadium,Kolkata Knight Riders,2016-04-28,,37.67,0,2.0,21,10.5,-,-,0
5,7.0,Maharashtra Cricket Association Stadium,Rising Pune Supergiant,2016-05-01,,47.0,0,2.0,28,14.0,-,-,0
6,8.0,Dr YS Rajasekhara Reddy Cricket Stadium,Sunrisers Hyderabad,2016-05-08,,48.67,0,1.0,5,5.0,-,-,0
7,9.0,M Chinnaswamy Stadium,Royal Challengers Bangalore,2016-05-11,4.0,40.25,1,4.0,15,3.75,15,24,0
8,10.0,Dr YS Rajasekhara Reddy Cricket Stadium,Punjab Kings,2016-05-13,,48.25,0,4.0,32,8.0,-,-,0
9,11.0,Dr YS Rajasekhara Reddy Cricket Stadium,Delhi Capitals,2016-05-15,5.0,34.67,2,2.1,15,6.92,7.5,6.5,0
10,12.0,Green Park,Gujarat Lions,2016-05-21,,39.33,0,2.0,28,14.0,-,-,0
11,13.0,Maharashtra Cricket Association Stadium,Rising Pune Supergiant,2017-04-06,,42.83,0,2.0,21,10.5,-,-,0
12,14.0,Wankhede Stadium,Kolkata Knight Riders,2017-04-09,7.0,31.22,3,4.0,24,6.0,8,8,0
13,15.0,Wankhede Stadium,Sunrisers Hyderabad,2017-04-12,,32.56,0,1.0,12,12.0,-,-,0
14,16.0,M Chinnaswamy Stadium,Royal Challengers Bangalore,2017-04-14,10.0,31.4,1,4.0,21,5.25,21,24,0
15,17.0,Wankhede Stadium,Gujarat Lions,2017-04-16,,33.2,0,3.0,18,6.0,-,-,0
16,18.0,Holkar Cricket Stadium,Punjab Kings,2017-04-20,11.0,32.82,1,4.0,29,7.25,29,24,0
17,19.0,Wankhede Stadium,Delhi Capitals,2017-04-22,,33.55,0,1.0,8,8.0,-,-,0
18,20.0,Saurashtra Cricket Association Stadium,Gujarat Lions,2017-04-29,12.0,27.36,3,4.0,14,3.5,4.7,8,0
19,21.0,Wankhede Stadium,Royal Challengers Bangalore,2017-05-01,15.0,26.06,2,4.0,34,8.5,17,12,0
20,22.0,Eden Gardens,Kolkata Knight Riders,2017-05-13,,26.94,0,2.0,14,7.0,-,-,0
21,23.0,Wankhede Stadium,Rising Pune Supergiant,2017-05-16,,28.31,0,4.0,22,5.5,-,-,0
22,24.0,M Chinnaswamy Stadium,Kolkata Knight Riders,2017-05-19,,29.88,0,3.0,25,8.33,-,-,0
23,25.0,Rajiv Gandhi International Stadium,Rising Pune Supergiant,2017-05-21,,31.81,0,4.0,31,7.75,-,-,0
24,27.0,Rajiv Gandhi International Stadium,Sunrisers Hyderabad,2018-04-12,,32.44,0,2.0,10,5.0,-,-,0
25,28.0,Wankhede Stadium,Delhi Capitals,2018-04-14,17.0,30.0,2,3.0,21,7.0,10.5,9,0
26,29.0,Wankhede Stadium,Royal Challengers Bangalore,2018-04-17,19.0,27.05,3,4.0,28,7.0,9.3,8,0
27,30.0,Sawai Mansingh Stadium,Rajasthan Royals,2018-04-22,22.0,27.32,1,4.0,33,8.25,33,24,0
28,31.0,Wankhede Stadium,Sunrisers Hyderabad,2018-04-24,,27.95,0,2.0,14,7.0,-,-,0
29,32.0,Maharashtra Cricket Association Stadium,Chennai Super Kings,2018-04-28,23.0,26.96,2,4.0,32,8.0,16,12,0
30,33.0,M Chinnaswamy Stadium,Royal Challengers Bangalore,2018-05-01,,27.96,0,4.0,24,6.0,-,-,0
31,34.0,Holkar Cricket Stadium,Punjab Kings,2018-05-04,,28.38,0,1.0,10,10.0,-,-,0
32,35.0,Wankhede Stadium,Kolkata Knight Riders,2018-05-06,25.0,28.4,1,3.0,29,9.67,29,18,0
33,36.0,Eden Gardens,Kolkata Knight Riders,2018-05-09,26.0,26.74,2,3.1,12,3.79,6,9.5,0
34,37.0,Wankhede Stadium,Rajasthan Royals,2018-05-13,,27.63,0,4.0,24,6.0,-,-,0
35,38.0,Wankhede Stadium,Punjab Kings,2018-05-16,,28.96,0,4.0,36,9.0,-,-,0
36,39.0,Arun Jaitley Stadium,Delhi Capitals,2018-05-20,28.0,28.32,1,2.0,11,5.5,11,12,0
37,40.0,Wankhede Stadium,Delhi Capitals,2019-03-24,,29.07,0,2.0,21,10.5,-,-,0
38,41.0,M Chinnaswamy Stadium,Royal Challengers Bangalore,2019-03-28,,30.07,0,4.0,28,7.0,-,-,0
39,42.0,Punjab Cricket Association IS Bindra Stadium,Punjab Kings,2019-03-30,29.0,29.5,2,4.0,43,10.75,21.5,12,0
40,43.0,Wankhede Stadium,Chennai Super Kings,2019-04-03,,29.9,0,2.0,12,6.0,-,-,0
41,44.0,Rajiv Gandhi International Stadium,Sunrisers Hyderabad,2019-04-06,,30.2,0,2.0,9,4.5,-,-,0
42,45.0,Wankhede Stadium,Punjab Kings,2019-04-10,,30.77,0,2.0,17,8.5,-,-,0
43,46.0,Wankhede Stadium,Rajasthan Royals,2019-04-13,31.0,29.0,3,4.0,34,8.5,11.3,8,0
44,47.0,Wankhede Stadium,Royal Challengers Bangalore,2019-04-15,,29.3,0,1.0,10,10.0,-,-,0
45,48.0,Arun Jaitley Stadium,Delhi Capitals,2019-04-18,34.0,28.65,1,2.0,7,3.5,7,12,0
46,49.0,Sawai Mansingh Stadium,Rajasthan Royals,2019-04-20,,29.35,0,2.0,24,12.0,-,-,0
47,50.0,MA Chidambaram Stadium,Chennai Super Kings,2019-04-26,35.0,27.92,2,3.0,7,2.33,3.5,9,0
48,51.0,Eden Gardens,Kolkata Knight Riders,2019-04-28,,28.67,0,3.0,27,9.0,-,-,0
49,52.0,Wankhede Stadium,Sunrisers Hyderabad,2019-05-02,37.0,27.74,2,4.0,22,5.5,11,12,0
50,53.0,Wankhede Stadium,Kolkata Knight Riders,2019-05-05,,28.11,0,4.0,14,3.5,-,-,0
51,54.0,MA Chidambaram Stadium,Chennai Super Kings,2019-05-07,39.0,27.92,1,4.0,21,5.25,21,24,0
52,55.0,Rajiv Gandhi International Stadium,Chennai Super Kings,2019-05-12,40.0,28.2,1,3.0,39,13.0,39,18,0
