Match,Date,Vs,Venue,D/N*,How Dismissed,Out,Runs,Balls,S/R,,TotalRuns,Avg,S/R
1,19/04/2008,Kings XI Punjab,Punjab Cricket Association IS Bindra Stadium,Yes,c I K Pathan b W A Mota,1,32,13,246.15,,32,32,246.15
2,23/04/2008,Mumbai Indians,MA Chidambaram Stadium,Yes,c D J J Bravo b M Khote,1,53,37,143.24,,85,42.5,170
3,28/04/2008,Royal Challengers Bangalore,M Chinnaswamy Stadium,Yes,run out,1,28,17,164.71,,113,37.67,168.66
4,2/5/2008,Delhi Capitals,MA Chidambaram Stadium,Yes,run out,1,3,4,75,,116,29,163.38
5,4/5/2008,Rajasthan Royals,Sawai Mansingh Stadium,Yes,c Sohail Tanvir b M M Patel,1,27,27,100,,143,28.6,145.92
6,6/5/2008,Deccan Chargers,MA Chidambaram Stadium,Yes,c R G Sharma b S B Bangar,1,32,21,152.38,,175,29.17,147.06
7,8/5/2008,Delhi Capitals,Arun Jaitley Stadium,Yes,c M K Tiwary b P J Sangwan,1,1,2,50,,176,25.14,145.45
8,10/5/2008,Kings XI Punjab,MA Chidambaram Stadium,Yes,c S E Marsh b P P Chawla,1,26,17,152.94,,202,25.25,146.38
9,14/05/2008,Mumbai Indians,Wankhede Stadium,Yes,c †Y V Takawale b D J J Bravo,1,1,6,16.67,,203,22.56,140.97
10,21/05/2008,Royal Challengers Bangalore,MA Chidambaram Stadium,Yes,not out,0,21,20,105,,224,24.89,136.59
11,24/05/2008,Rajasthan Royals,MA Chidambaram Stadium,Yes,c M Kaif b S K Warne,1,45,24,187.5,,269,26.9,143.09
12,27/05/2008,Deccan Chargers,Rajiv Gandhi International Stadium,Yes,not out,0,54,43,125.58,,323,32.3,139.83
13,31/05/2008,Kings XI Punjab,Wankhede Stadium,Yes,not out,0,55,34,161.76,,378,37.8,142.64
14,1/6/2008,Rajasthan Royals,Dr DY Patil Sports Academy,Yes,c R A Jadeja b S R Watson,1,43,30,143.33,,421,38.27,142.71
15,18/04/2009,Mumbai Indians,Newlands,No,c R R Raje b D J J Bravo,1,8,9,88.89,,429,35.75,141.12
16,20/04/2009,Royal Challengers Bangalore,St George's Park,Yes,c V Kohli b P Kumar,1,28,29,96.55,,457,35.15,137.24
17,23/04/2009,Delhi Capitals,Kingsmead,No,c A B de Villiers b P J Sangwan,1,41,27,151.85,,498,35.57,138.33
18,27/04/2009,Deccan Chargers,Kingsmead,No,c & b R G Sharma,1,25,19,131.58,,523,34.87,137.99
19,30/04/2009,Rajasthan Royals,Buffalo Park,Yes,c G C Smith b M M Patel,1,98,55,178.18,,621,38.81,143.09
20,2/5/2009,Delhi Capitals,Wanderers Stadium,Yes,c T M Dilshan b R Bhatia,1,32,21,152.38,,653,38.41,143.52
21,4/5/2009,Deccan Chargers,Buffalo Park,Yes,c D R Smith b R P Singh,1,32,19,168.42,,685,38.06,144.51
22,7/5/2009,Kings XI Punjab,SuperSport Park,Yes,c K Goel b P P Chawla,1,32,20,160,,717,37.74,145.14
23,9/5/2009,Rajasthan Royals,Diamond Oval,Yes,c L A Carseldine b A Singh,1,13,11,118.18,,730,36.5,144.55
24,14/05/2009,Royal Challengers Bangalore,Kingsmead,No,c R E van der Merwe b J H Kallis,1,13,10,130,,743,35.38,144.27
25,16/05/2009,Mumbai Indians,St George's Park,No,c & b D J J Bravo,1,20,12,166.67,,763,34.68,144.78
26,18/05/2009,Kolkata Knight Riders,SuperSport Park,Yes,c L R Shukla b A B Dinda,1,52,36,144.44,,815,35.43,144.76
27,20/05/2009,Kings XI Punjab,Kingsmead,Yes,c B Lee b W A Mota,1,20,21,95.24,,835,34.79,142.98
28,23/05/2009,Royal Challengers Bangalore,Wanderers Stadium,Yes,c †M V Boucher b P Kumar,1,20,19,105.26,,855,34.2,141.79
29,14/03/2010,Deccan Chargers,MA Chidambaram Stadium,Yes,c †A C Gilchrist b W P U J C Vaas,1,6,3,200,,861,33.12,142.08
30,16/03/2010,Kolkata Knight Riders,Eden Gardens,Yes,b B J Hodge,1,18,20,90,,879,32.56,140.42
31,19/03/2010,Delhi Capitals,Arun Jaitley Stadium,Yes,not out,0,49,34,144.12,,928,34.37,140.61
32,21/03/2010,Kings XI Punjab,MA Chidambaram Stadium,Yes,run out,1,15,11,136.36,,943,33.68,140.54
33,23/03/2010,Royal Challengers Bangalore,M Chinnaswamy Stadium,Yes,c J H Kallis b R Vinay Kumar,1,9,7,128.57,,952,32.83,140.41
34,25/03/2010,Mumbai Indians,Brabourne Stadium,Yes,not out,0,83,52,159.62,,1035,35.69,141.78
35,28/03/2010,Rajasthan Royals,Sardar Patel Stadium,Yes,b S K Warne,1,14,12,116.67,,1049,34.97,141.37
36,31/03/2010,Royal Challengers Bangalore,MA Chidambaram Stadium,Yes,not out,0,40,34,117.65,,1089,36.3,140.34
37,3/4/2010,Rajasthan Royals,MA Chidambaram Stadium,Yes,c S W Tait b S K Warne,1,13,7,185.71,,1102,35.55,140.74
38,6/4/2010,Mumbai Indians,MA Chidambaram Stadium,Yes,c S Dhawan b D J J Bravo,1,23,18,127.78,,1125,35.16,140.45
39,10/4/2010,Deccan Chargers,Vidarbha Cricket Association Stadium,Yes,c R G Sharma b R J Harris,1,52,42,123.81,,1177,35.67,139.62
40,13/04/2010,Kolkata Knight Riders,MA Chidambaram Stadium,Yes,not out,0,78,39,200,,1255,38.03,142.29
41,15/04/2010,Delhi Capitals,MA Chidambaram Stadium,Yes,c U T Yadav b T M Dilshan,1,15,19,78.95,,1270,37.35,140.95
42,18/04/2010,Kings XI Punjab,Himachal Pradesh Cricket Association Stadium,Yes,c K Goel b J Theron,1,46,27,170.37,,1316,37.6,141.81
43,22/04/2010,Deccan Chargers,Dr DY Patil Sports Academy,Yes,c †A C Gilchrist b A Symonds,1,2,4,50,,1318,36.61,141.42
44,25/04/2010,Mumbai Indians,Dr DY Patil Sports Academy,Yes,not out,0,57,35,162.86,,1375,38.19,142.19
45,8/4/2011,Kolkata Knight Riders,MA Chidambaram Stadium,Yes,c S Ladda b Y K Pathan,1,33,29,113.79,,1408,38.05,141.37
46,13/04/2011,Kings XI Punjab,Punjab Cricket Association IS Bindra Stadium,Yes,c P C Valthaty b P Kumar,1,0,1,0,,1408,37.05,141.22
47,16/04/2011,Royal Challengers Bangalore,MA Chidambaram Stadium,Yes,c M A Agarwal b R Ninan,1,29,16,181.25,,1437,36.85,141.86
48,18/04/2011,Kochi Tuskers Kerala,Nehru Stadium (Kochi),Yes,run out,1,50,40,125,,1487,37.18,141.22
49,22/04/2011,Mumbai Indians,Wankhede Stadium,Yes,c & b Harbhajan Singh,1,5,4,125,,1492,36.39,141.15
50,25/04/2011,Pune Warriors,MA Chidambaram Stadium,Yes,b A C Thomas,1,2,4,50,,1494,35.57,140.81
51,27/04/2011,Pune Warriors,Dr DY Patil Sports Academy,Yes,not out,0,34,25,136,,1528,36.38,140.7
52,1/5/2011,Deccan Chargers,MA Chidambaram Stadium,Yes,c S Dhawan b P P Ojha,1,59,35,168.57,,1587,36.91,141.57
53,4/5/2011,Rajasthan Royals,MA Chidambaram Stadium,Yes,c J Botha b S K Trivedi,1,61,51,119.61,,1648,37.45,140.61
54,7/5/2011,Kolkata Knight Riders,Eden Gardens,Yes,c J H Kallis b Y K Pathan,1,4,9,44.44,,1652,36.71,139.88
55,9/5/2011,Rajasthan Royals,Sawai Mansingh Stadium,Yes,b A Singh,1,43,27,159.26,,1695,36.85,140.31
56,12/5/2011,Delhi Capitals,MA Chidambaram Stadium,Yes,c I K Pathan b V R Aaron,1,14,10,140,,1709,36.36,140.31
57,18/05/2011,Kochi Tuskers Kerala,MA Chidambaram Stadium,Yes,c R P Singh b S Sreesanth,1,19,13,146.15,,1728,36,140.37
58,22/05/2011,Royal Challengers Bangalore,M Chinnaswamy Stadium,Yes,c V Kohli b Z Khan,1,4,6,66.67,,1732,35.35,140.02
59,24/05/2011,Royal Challengers Bangalore,Wankhede Stadium,Yes,not out,0,73,50,146,,1805,36.84,140.25
60,28/05/2011,Royal Challengers Bangalore,MA Chidambaram Stadium,Yes,b C H Gayle,1,8,5,160,,1813,36.26,140.33
61,4/4/2012,Mumbai Indians,MA Chidambaram Stadium,Yes,c S L Malinga b P P Ojha,1,36,26,138.46,,1849,36.25,140.29
62,7/4/2012,Deccan Chargers,Dr YS Rajasekhara Reddy Cricket Stadium,Yes,c & b D T Christian,1,16,12,133.33,,1865,35.87,140.23
63,10/4/2012,Delhi Capitals,Arun Jaitley Stadium,Yes,run out,1,17,16,106.25,,1882,35.51,139.82
64,12/4/2012,Royal Challengers Bangalore,MA Chidambaram Stadium,Yes,c R R Bhatkal b M Muralitharan,1,23,14,164.29,,1905,35.28,140.07
65,14/04/2012,Pune Warriors,Maharashtra Cricket Association Stadium,Yes,c S P D Smith b R Sharma,1,20,19,105.26,,1925,35,139.59
66,19/04/2012,Pune Warriors,MA Chidambaram Stadium,Yes,c M Kartik b A Nehra,1,0,2,0,,1925,34.38,139.39
67,21/04/2012,Rajasthan Royals,MA Chidambaram Stadium,Yes,c A M Rahane b K Cooper,1,26,24,108.33,,1951,34.23,138.86
68,28/04/2012,Kings XI Punjab,MA Chidambaram Stadium,Yes,st N Saini b P P Chawla,1,15,17,88.24,,1966,33.9,138.26
69,30/04/2012,Kolkata Knight Riders,MA Chidambaram Stadium,Yes,c Y K Pathan b J H Kallis,1,44,34,129.41,,2010,34.07,138.05
70,4/5/2012,Deccan Chargers,MA Chidambaram Stadium,Yes,c A A Jhunjhunwala b A Mishra,1,32,24,133.33,,2042,34.03,137.97
71,6/5/2012,Mumbai Indians,Wankhede Stadium,Yes,c R P Singh b J E C Franklin,1,36,21,171.43,,2078,34.07,138.44
72,10/5/2012,Rajasthan Royals,Sawai Mansingh Stadium,Yes,c A M Rahane b Pankaj Singh,1,23,17,135.29,,2101,33.89,138.41
73,12/5/2012,Delhi Capitals,MA Chidambaram Stadium,Yes,not out,0,28,20,140,,2129,34.34,138.43
74,14/05/2012,Kolkata Knight Riders,Eden Gardens,Yes,run out,1,8,10,80,,2137,33.92,138.05
75,17/05/2012,Kings XI Punjab,Himachal Pradesh Cricket Association Stadium,Yes,c †A C Gilchrist b Azhar Mahmood,1,17,13,130.77,,2154,33.66,137.99
76,23/05/2012,Mumbai Indians,M Chinnaswamy Stadium,Yes,b D S Kulkarni,1,0,1,0,,2154,33.14,137.9
77,25/05/2012,Delhi Capitals,MA Chidambaram Stadium,Yes,c & b P Negi,1,27,17,158.82,,2181,33.05,138.13
78,27/05/2012,Kolkata Knight Riders,MA Chidambaram Stadium,Yes,c B Lee b Shakib Al Hasan,1,73,38,192.11,,2254,33.64,139.39
79,6/4/2013,Mumbai Indians,MA Chidambaram Stadium,Yes,c R T Ponting b M G Johnson,1,10,7,142.86,,2264,33.29,139.41
80,13/04/2013,Royal Challengers Bangalore,MA Chidambaram Stadium,Yes,c M Kartik b J Syed Mohammad,1,30,22,136.36,,2294,33.25,139.37
81,15/04/2013,Pune Warriors,MA Chidambaram Stadium,Yes,c T L Suman b B Kumar,1,8,10,80,,2302,32.89,139.01
82,18/04/2013,Delhi Capitals,Arun Jaitley Stadium,Yes,c †K M Jadhav b I K Pathan,1,30,32,93.75,,2332,32.85,138.15
83,20/04/2013,Kolkata Knight Riders,Eden Gardens,Yes,c S P Narine b Y K Pathan,1,7,8,87.5,,2339,32.49,137.91
84,22/04/2013,Rajasthan Royals,MA Chidambaram Stadium,Yes,lbw b J P Faulkner,1,51,35,145.71,,2390,32.74,138.07
85,25/04/2013,Sunrisers Hyderabad,MA Chidambaram Stadium,Yes,c D J G Sammy b A Mishra,1,16,13,123.08,,2406,32.51,137.96
86,28/04/2013,Kolkata Knight Riders,MA Chidambaram Stadium,Yes,run out,1,44,25,176,,2450,32.67,138.5
87,30/04/2013,Pune Warriors,Maharashtra Cricket Association Stadium,Yes,not out,0,63,50,126,,2513,33.51,138.15
88,2/5/2013,Kings XI Punjab,MA Chidambaram Stadium,Yes,not out,0,100,53,188.68,,2613,34.84,139.58
89,5/5/2013,Mumbai Indians,Wankhede Stadium,Yes,c K A Pollard b M G Johnson,1,0,1,0,,2613,34.38,139.51
90,8/5/2013,Sunrisers Hyderabad,Rajiv Gandhi International Stadium,Yes,not out,0,99,52,190.38,,2712,35.68,140.88
91,12/5/2013,Rajasthan Royals,Sawai Mansingh Stadium,Yes,c S V Samson b K Cooper,1,1,2,50,,2713,35.23,140.79
92,14/05/2013,Delhi Capitals,MA Chidambaram Stadium,Yes,c D A Warner b R E van der Merwe,1,7,11,63.64,,2720,34.87,140.35
93,18/05/2013,Royal Challengers Bangalore,M Chinnaswamy Stadium,Yes,c R Vinay Kumar b Z Khan,1,0,1,0,,2720,34.43,140.28
94,21/05/2013,Mumbai Indians,Arun Jaitley Stadium,Yes,not out,0,82,42,195.24,,2802,35.47,141.44
95,26/05/2013,Mumbai Indians,Eden Gardens,Yes,c D R Smith b S L Malinga,1,0,1,0,,2802,35.03,141.37
96,18/04/2014,Kings XI Punjab,Sheikh Zayed Stadium,No,c V Sehwag b P Awana,1,24,19,126.32,,2826,34.89,141.23
97,21/04/2014,Delhi Capitals,Sheikh Zayed Stadium,Yes,c M Vijay b J D S Neesham,1,56,41,136.59,,2882,35.15,141.14
98,23/04/2014,Rajasthan Royals,Dubai International Cricket Stadium,Yes,c D S Kulkarni b R Bhatia,1,4,9,44.44,,2886,34.77,140.71
99,25/04/2014,Mumbai Indians,Dubai International Cricket Stadium,Yes,st C M Gautam b Harbhajan Singh,1,1,4,25,,2887,34.37,140.49
100,27/04/2014,Sunrisers Hyderabad,Sharjah Cricket Stadium,Yes,c Y Venugopal Rao b I Sharma,1,14,10,140,,2901,34.13,140.48
101,2/5/2014,Kolkata Knight Riders,JSCA International Stadium Complex,Yes,c S A Yadav b Shakib Al Hasan,1,31,25,124,,2932,34.09,140.29
102,5/5/2014,Delhi Capitals,Arun Jaitley Stadium,Yes,not out,0,47,27,174.07,,2979,34.64,140.72
103,7/5/2014,Kings XI Punjab,Barabati Stadium,Yes,c D A Miller b G J Maxwell,1,35,27,129.63,,3014,34.64,140.58
104,10/5/2014,Mumbai Indians,Wankhede Stadium,Yes,st C M Gautam b K A Pollard,1,19,11,172.73,,3033,34.47,140.74
105,13/05/2014,Rajasthan Royals,JSCA International Stadium Complex,No,c R Bhatia b Ankit Sharma,1,2,3,66.67,,3035,34.1,140.64
106,18/05/2014,Royal Challengers Bangalore,JSCA International Stadium Complex,Yes,not out,0,62,48,129.17,,3097,34.8,140.39
107,20/05/2014,Kolkata Knight Riders,Eden Gardens,Yes,c R N ten Doeschate b P P Chawla,1,65,52,125,,3162,35.13,140.04
108,22/05/2014,Sunrisers Hyderabad,JSCA International Stadium Complex,Yes,c A J Finch b K V Sharma,1,4,7,57.14,,3166,34.79,139.78
109,24/05/2014,Royal Challengers Bangalore,M Chinnaswamy Stadium,Yes,st Y V Takawale b Yuvraj Singh,1,18,18,100,,3184,34.61,139.47
110,28/05/2014,Mumbai Indians,Brabourne Stadium,Yes,not out,0,54,33,163.64,,3238,35.2,139.81
111,30/05/2014,Kings XI Punjab,Wankhede Stadium,Yes,run out,1,87,25,348,,3325,35.75,142.03
112,9/4/2015,Delhi Capitals,MA Chidambaram Stadium,Yes,b N M Coulter-Nile,1,4,7,57.14,,3329,35.41,141.78
113,11/4/2015,Sunrisers Hyderabad,MA Chidambaram Stadium,Yes,run out,1,14,12,116.67,,3343,35.19,141.65
114,17/04/2015,Mumbai Indians,Wankhede Stadium,Yes,not out,0,43,29,148.28,,3386,35.64,141.73
115,19/04/2015,Rajasthan Royals,Sardar Patel Stadium,Yes,c †S V Samson b C H Morris,1,4,8,50,,3390,35.31,141.43
116,22/04/2015,Royal Challengers Bangalore,M Chinnaswamy Stadium,Yes,c R R Rossouw b Y S Chahal,1,62,32,193.75,,3452,35.59,142.12
117,25/04/2015,Kings XI Punjab,MA Chidambaram Stadium,Yes,run out,1,29,25,116,,3481,35.52,141.85
118,28/04/2015,Kolkata Knight Riders,MA Chidambaram Stadium,Yes,c †R V Uthappa b A D Russell,1,17,21,80.95,,3498,35.33,141.33
119,30/04/2015,Kolkata Knight Riders,Eden Gardens,Yes,c P P Chawla b U T Yadav,1,8,10,80,,3506,35.06,141.09
120,2/5/2015,Sunrisers Hyderabad,Rajiv Gandhi International Stadium,Yes,c E J G Morgan b M C Henriques,1,23,15,153.33,,3529,34.94,141.16
121,4/5/2015,Royal Challengers Bangalore,MA Chidambaram Stadium,Yes,lbw b H V Patel,1,52,46,113.04,,3581,35.11,140.65
122,8/5/2015,Mumbai Indians,MA Chidambaram Stadium,Yes,c H H Pandya b J Suchith,1,10,10,100,,3591,34.86,140.49
123,10/5/2015,Rajasthan Royals,MA Chidambaram Stadium,Yes,c J P Faulkner b C H Morris,1,3,6,50,,3594,34.56,140.28
124,12/5/2015,Delhi Capitals,Shaheed Veer Narayan Sing International Stadium,No,c J-P Duminy b J Yadav,1,11,8,137.5,,3605,34.33,140.27
125,16/05/2015,Kings XI Punjab,Punjab Cricket Association IS Bindra Stadium,Yes,not out,0,41,34,120.59,,3646,34.72,140.02
126,19/05/2015,Mumbai Indians,Wankhede Stadium,Yes,c & b Harbhajan Singh,1,25,20,125,,3671,34.63,139.9
127,22/05/2015,Royal Challengers Bangalore,JSCA International Stadium Complex,Yes,c D Wiese b Y S Chahal,1,0,2,0,,3671,34.31,139.79
128,24/05/2015,Mumbai Indians,Eden Gardens,Yes,st P A Patel b Harbhajan Singh,1,28,19,147.37,,3699,34.25,139.85
129,11/4/2016,Kings XI Punjab,Punjab Cricket Association IS Bindra Stadium,Yes,c M G Johnson b M P Stoinis,1,20,9,222.22,,3719,34.12,140.13
130,14/04/2016,Rising Pune Supergiant,Saurashtra Cricket Association Stadium,Yes,st M S Dhoni b M Ashwin,1,24,24,100,,3743,34.03,139.77
131,16/04/2016,Mumbai Indians,Wankhede Stadium,Yes,c †P A Patel b M J McClenaghan,1,27,22,122.73,,3770,33.96,139.63
132,21/04/2016,Sunrisers Hyderabad,Saurashtra Cricket Association Stadium,Yes,c M C Henriques b B Kumar,1,75,51,147.06,,3845,34.33,139.77
133,24/04/2016,Royal Challengers Bangalore,Saurashtra Cricket Association Stadium,Yes,c Iqbal Abdulla b Y S Chahal,1,28,24,116.67,,3873,34.27,139.57
134,27/04/2016,Delhi Capitals,Arun Jaitley Stadium,Yes,c K K Nair b C H Morris,1,2,5,40,,3875,33.99,139.39
135,29/04/2016,Rising Pune Supergiant,Maharashtra Cricket Association Stadium,Yes,b N L T C Perera,1,34,28,121.43,,3909,33.99,139.21
136,1/5/2016,Kings XI Punjab,Saurashtra Cricket Association Stadium,Yes,b M M Sharma,1,18,15,120,,3927,33.85,139.11
137,3/5/2016,Delhi Capitals,Saurashtra Cricket Association Stadium,Yes,st Q de Kock b A Mishra,1,24,20,120,,3951,33.77,138.97
138,6/5/2016,Sunrisers Hyderabad,Rajiv Gandhi International Stadium,Yes,c & b B Kumar,1,20,10,200,,3971,33.65,139.19
139,8/5/2016,Kolkata Knight Riders,Eden Gardens,Yes,c G B Hogg b A D Russell,1,14,18,77.78,,3985,33.49,138.8
140,19/05/2016,Kolkata Knight Riders,Green Park,Yes,not out,0,53,36,147.22,,4038,33.93,138.91
141,21/05/2016,Mumbai Indians,Green Park,Yes,c †J C Buttler b J J Bumrah,1,58,36,161.11,,4096,34.13,139.18
142,24/05/2016,Royal Challengers Bangalore,M Chinnaswamy Stadium,No,c S Aravind b S R Watson,1,1,9,11.11,,4097,33.86,138.79
143,27/05/2016,Sunrisers Hyderabad,Arun Jaitley Stadium,No,lbw b T A Boult,1,1,5,20,,4098,33.59,138.59
144,7/4/2017,Kolkata Knight Riders,Saurashtra Cricket Association Stadium,Yes,not out,0,68,51,133.33,,4166,34.15,138.5
145,9/4/2017,Sunrisers Hyderabad,Rajiv Gandhi International Stadium,Yes,lbw b Rashid Khan,1,5,8,62.5,,4171,33.91,138.3
146,14/04/2017,Rising Pune Supergiant,Saurashtra Cricket Association Stadium,Yes,not out,0,35,22,159.09,,4206,34.2,138.45
147,16/04/2017,Mumbai Indians,Wankhede Stadium,Yes,c R G Sharma b Harbhajan Singh,1,28,29,96.55,,4234,34.15,138.05
148,18/04/2017,Royal Challengers Bangalore,Saurashtra Cricket Association Stadium,Yes,c S R Watson b Y S Chahal,1,23,8,287.5,,4257,34.06,138.44
149,21/04/2017,Kolkata Knight Riders,Eden Gardens,Yes,c M K Pandey b Kuldeep Yadav,1,84,46,182.61,,4341,34.45,139.09
150,23/04/2017,Kings XI Punjab,Saurashtra Cricket Association Stadium,Yes,c G J Maxwell b A R Patel,1,32,24,133.33,,4373,34.43,139.05
151,27/04/2017,Royal Challengers Bangalore,M Chinnaswamy Stadium,Yes,not out,0,34,30,113.33,,4407,34.7,138.8
152,29/04/2017,Mumbai Indians,Saurashtra Cricket Association Stadium,Yes,c K A Pollard b J J Bumrah,1,1,3,33.33,,4408,34.44,138.7
153,1/5/2017,Rising Pune Supergiant,Maharashtra Cricket Association Stadium,Yes,run out,1,8,8,100,,4416,34.23,138.61
154,4/5/2017,Delhi Capitals,Arun Jaitley Stadium,Yes,run out,1,77,43,179.07,,4493,34.56,139.15
155,7/5/2017,Kings XI Punjab,Punjab Cricket Association IS Bindra Stadium,Yes,c Gurkeerat Singh b Sandeep Sharma,1,39,25,156,,4532,34.6,139.27
156,10/5/2017,Delhi Capitals,Green Park,Yes,b P J Cummins,1,6,5,120,,4538,34.38,139.25
157,13/05/2017,Sunrisers Hyderabad,Green Park,Yes,c S Dhawan b Mohammed Siraj,1,2,5,40,,4540,34.14,139.09
158,7/4/2018,Mumbai Indians,Wankhede Stadium,Yes,c K H Pandya b H H Pandya,1,4,6,66.67,,4544,33.91,138.96
159,10/4/2018,Kolkata Knight Riders,MA Chidambaram Stadium,Yes,c R Vinay Kumar b S P Narine,1,14,12,116.67,,4558,33.76,138.88
160,20/04/2018,Rajasthan Royals,Maharashtra Cricket Association Stadium,Yes,c K Gowtham b S Gopal,1,46,29,158.62,,4604,33.85,139.05
161,22/04/2018,Sunrisers Hyderabad,Rajiv Gandhi International Stadium,Yes,not out,0,54,43,125.58,,4658,34.25,138.88
162,25/04/2018,Royal Challengers Bangalore,M Chinnaswamy Stadium,Yes,c Mandeep Singh b U T Yadav,1,11,9,122.22,,4669,34.08,138.83
163,28/04/2018,Mumbai Indians,Maharashtra Cricket Association Stadium,Yes,not out,0,75,47,159.57,,4744,34.63,139.12
164,30/04/2018,Delhi Capitals,Maharashtra Cricket Association Stadium,Yes,b G J Maxwell,1,1,2,50,,4745,34.38,139.07
165,3/5/2018,Kolkata Knight Riders,Eden Gardens,Yes,c M G Johnson b Kuldeep Yadav,1,31,26,119.23,,4776,34.36,138.92
166,5/5/2018,Royal Challengers Bangalore,Maharashtra Cricket Association Stadium,Yes,c T G Southee b U T Yadav,1,25,21,119.05,,4801,34.29,138.8
167,11/5/2018,Rajasthan Royals,Sawai Mansingh Stadium,Yes,c S T R Binny b I S Sodhi,1,52,35,148.57,,4853,34.42,138.9
168,13/05/2018,Sunrisers Hyderabad,Maharashtra Cricket Association Stadium,Yes,c K S Williamson b Sandeep Sharma,1,2,3,66.67,,4855,34.19,138.83
169,18/05/2018,Delhi Capitals,Arun Jaitley Stadium,Yes,c V Shankar b S Lamichhane,1,15,18,83.33,,4870,34.06,138.55
170,20/05/2018,Kings XI Punjab,Maharashtra Cricket Association Stadium,Yes,not out,0,61,48,127.08,,4931,34.48,138.39
171,22/05/2018,Sunrisers Hyderabad,Wankhede Stadium,Yes,b S Kaul,1,22,13,169.23,,4953,34.4,138.51
172,27/05/2018,Sunrisers Hyderabad,Wankhede Stadium,Yes,c †S P Goswami b C R Brathwaite,1,32,24,133.33,,4985,34.38,138.47
173,23/03/2019,Royal Challengers Bangalore,MA Chidambaram Stadium,Yes,c S Dube b M M Ali,1,19,21,90.48,,5004,34.27,138.19
174,26/03/2019,Delhi Capitals,Arun Jaitley Stadium,Yes,c †R R Pant b A Mishra,1,30,16,187.5,,5034,34.24,138.41
175,31/03/2019,Rajasthan Royals,MA Chidambaram Stadium,Yes,b J D Unadkat,1,36,32,112.5,,5070,34.26,138.18
176,3/4/2019,Mumbai Indians,Wankhede Stadium,Yes,c K A Pollard b J P Behrendorff,1,16,15,106.67,,5086,34.13,138.06
177,6/4/2019,Kings XI Punjab,MA Chidambaram Stadium,Yes,b R Ashwin,1,17,20,85,,5103,34.02,137.77
178,9/4/2019,Kolkata Knight Riders,MA Chidambaram Stadium,Yes,c P P Chawla b S P Narine,1,14,13,107.69,,5117,33.89,137.66
179,11/4/2019,Rajasthan Royals,Sawai Mansingh Stadium,Yes,run out,1,4,4,100,,5121,33.69,137.62
180,14/04/2019,Kolkata Knight Riders,Eden Gardens,Yes,not out,0,58,42,138.1,,5179,34.07,137.63
181,17/04/2019,Sunrisers Hyderabad,Rajiv Gandhi International Stadium,Yes,lbw b Rashid Khan,1,13,13,100,,5192,33.93,137.5
182,21/04/2019,Royal Challengers Bangalore,M Chinnaswamy Stadium,Yes,b D W Steyn,1,0,1,0,,5192,33.71,137.46
183,23/04/2019,Sunrisers Hyderabad,MA Chidambaram Stadium,Yes,st J M Bairstow b Rashid Khan,1,38,24,158.33,,5230,33.74,137.6
184,26/04/2019,Mumbai Indians,MA Chidambaram Stadium,Yes,c S A Yadav b H H Pandya,1,2,4,50,,5232,33.54,137.5
185,1/5/2019,Delhi Capitals,MA Chidambaram Stadium,Yes,c S Dhawan b J Suchith,1,59,37,159.46,,5291,33.7,137.71
186,5/5/2019,Kings XI Punjab,Punjab Cricket Association IS Bindra Stadium,Yes,c Mohammed Shami b S M Curran,1,53,38,139.47,,5344,33.82,137.73
187,7/5/2019,Mumbai Indians,MA Chidambaram Stadium,Yes,c & b J Yadav,1,5,7,71.43,,5349,33.64,137.61
188,10/5/2019,Delhi Capitals,Dr YS Rajasekhara Reddy Cricket Stadium,Yes,b A R Patel,1,11,13,84.62,,5360,33.5,137.44
189,12/5/2019,Mumbai Indians,Rajiv Gandhi International Stadium,Yes,lbw b R D Chahar,1,8,14,57.14,,5368,33.34,137.15
