,Match,Ground,Versus,Date,Wkts,Avg,WicketsCric,Overs,Runs,Econ,AvgCric,SR,5W
0,1.0,Sawai Mansingh Stadium,Rajasthan Royals,2011-04-15,1.0,15.5,2,4.0,31,7.75,15.5,12,0
1,2.0,Eden Gardens,Rajasthan Royals,2011-04-17,3.0,13.0,2,4.0,21,5.25,10.5,12,0
2,3.0,Eden Gardens,Kochi Tuskers Kerala,2011-04-20,5.0,11.43,3,4.0,28,7.0,9.3,8,0
3,4.0,Eden Gardens,Royal Challengers Bangalore,2011-04-22,,15.57,0,2.1,29,13.38,-,-,0
4,5.0,Dr DY Patil Sports Academy,Pune Warriors,2011-05-19,8.0,13.89,2,4.0,16,4.0,8,12,0
5,6.0,Eden Gardens,Mumbai Indians,2011-05-22,,16.78,0,4.0,26,6.5,-,-,0
6,7.0,Wankhede Stadium,Mumbai Indians,2011-05-25,10.0,15.91,2,3.2,24,7.2,12,10,0
7,8.0,M Chinnaswamy Stadium,Royal Challengers Bangalore,2012-04-10,12.0,15.08,2,3.0,21,7.0,10.5,9,0
8,9.0,Eden Gardens,Rajasthan Royals,2012-04-13,14.0,13.31,3,4.0,17,4.25,5.7,8,0
9,10.0,Eden Gardens,Punjab Kings,2012-04-15,17.0,14.06,1,4.0,26,6.5,26,24,0
10,11.0,Eden Gardens,Mumbai Indians,2012-05-12,18.0,14.78,1,4.0,27,6.75,27,24,0
11,12.0,Wankhede Stadium,Mumbai Indians,2012-05-16,19.0,15.32,1,4.0,25,6.25,25,24,0
12,13.0,Maharashtra Cricket Association Stadium,Pune Warriors,2012-05-19,20.0,14.71,2,4.0,18,4.5,9,12,0
13,14.0,Maharashtra Cricket Association Stadium,Delhi Capitals,2012-05-22,22.0,15.68,1,4.0,36,9.0,36,24,0
14,15.0,MA Chidambaram Stadium,Chennai Super Kings,2012-05-27,23.0,16.09,1,3.0,25,8.33,25,18,0
15,16.0,Sheikh Zayed Stadium,Mumbai Indians,2014-04-16,24.0,16.63,1,4.0,29,7.25,29,24,0
16,17.0,Dubai International Cricket Stadium,Delhi Capitals,2014-04-19,,17.67,0,3.0,25,8.33,-,-,0
17,18.0,Sheikh Zayed Stadium,Rajasthan Royals,2014-04-29,25.0,17.88,1,4.0,23,5.75,23,24,0
18,19.0,JSCA International Stadium Complex,Chennai Super Kings,2014-05-02,26.0,17.48,2,4.0,25,6.25,12.5,12,0
19,20.0,Sardar Patel Stadium,Rajasthan Royals,2014-05-05,28.0,17.75,1,4.0,25,6.25,25,24,0
20,21.0,Arun Jaitley Stadium,Delhi Capitals,2014-05-07,29.0,17.59,1,4.0,13,3.25,13,24,0
21,22.0,Barabati Stadium,Mumbai Indians,2014-05-14,30.0,17.7,1,4.0,21,5.25,21,24,0
22,23.0,Rajiv Gandhi International Stadium,Sunrisers Hyderabad,2014-05-18,31.0,17.28,2,3.0,22,7.33,11,9,0
23,24.0,Eden Gardens,Chennai Super Kings,2014-05-20,,18.22,0,4.0,30,7.5,-,-,0
24,25.0,Eden Gardens,Royal Challengers Bangalore,2014-05-22,,19.06,0,4.0,27,6.75,-,-,0
25,26.0,Eden Gardens,Sunrisers Hyderabad,2014-05-24,33.0,19.24,1,4.0,25,6.25,25,24,0
26,27.0,Eden Gardens,Punjab Kings,2014-05-28,34.0,19.94,1,4.0,43,10.75,43,24,0
27,28.0,M Chinnaswamy Stadium,Punjab Kings,2014-06-01,,20.71,0,4.0,26,6.5,-,-,0
28,29.0,Eden Gardens,Mumbai Indians,2015-04-08,35.0,21.49,1,4.0,48,12.0,48,24,0
29,30.0,Eden Gardens,Royal Challengers Bangalore,2015-04-11,36.0,21.36,1,2.0,17,8.5,17,12,0
30,31.0,Wankhede Stadium,Mumbai Indians,2015-05-14,37.0,20.82,2,4.0,22,5.5,11,12,0
31,32.0,Brabourne Stadium,Rajasthan Royals,2015-05-16,,21.76,0,4.0,36,9.0,-,-,0
32,33.0,Rajiv Gandhi International Stadium,Sunrisers Hyderabad,2016-04-16,,22.24,0,3.0,18,6.0,-,-,0
33,34.0,Punjab Cricket Association IS Bindra Stadium,Punjab Kings,2016-04-19,,22.97,0,4.0,28,7.0,-,-,0
34,35.0,Maharashtra Cricket Association Stadium,Rising Pune Supergiant,2016-04-24,39.0,22.74,1,3.0,14,4.67,14,18,0
35,36.0,Wankhede Stadium,Mumbai Indians,2016-04-28,40.0,22.93,1,4.0,30,7.5,30,24,0
36,37.0,Eden Gardens,Punjab Kings,2016-05-04,,23.45,0,3.0,21,7.0,-,-,0
37,38.0,Eden Gardens,Gujarat Lions,2016-05-08,41.0,23.8,1,3.0,38,12.67,38,18,0
38,39.0,Eden Gardens,Rising Pune Supergiant,2016-05-14,42.0,23.74,1,3.0,21,7.0,21,18,0
39,40.0,Eden Gardens,Royal Challengers Bangalore,2016-05-16,,24.67,0,4.0,39,9.75,-,-,0
40,42.0,Eden Gardens,Sunrisers Hyderabad,2016-05-22,43.0,24.88,1,4.0,34,8.5,34,24,0
41,43.0,Eden Gardens,Gujarat Lions,2017-04-21,,25.6,0,3.0,31,10.33,-,-,0
42,44.0,Rajiv Gandhi International Stadium,Rajasthan Royals,2018-04-09,44.0,24.98,2,4.0,23,5.75,11.5,12,0
43,45.0,Rajiv Gandhi International Stadium,Mumbai Indians,2018-04-12,46.0,25.17,1,4.0,34,8.5,34,24,0
44,46.0,Eden Gardens,Kolkata Knight Riders,2018-04-14,47.0,24.56,2,4.0,21,5.25,10.5,12,0
45,47.0,Punjab Cricket Association IS Bindra Stadium,Punjab Kings,2018-04-19,,25.15,0,2.0,28,14.0,-,-,0
46,48.0,Rajiv Gandhi International Stadium,Chennai Super Kings,2018-04-22,,25.81,0,4.0,32,8.0,-,-,0
47,49.0,Wankhede Stadium,Mumbai Indians,2018-04-24,49.0,25.61,1,3.0,16,5.33,16,18,0
48,50.0,Rajiv Gandhi International Stadium,Punjab Kings,2018-04-26,50.0,24.96,2,3.0,18,6.0,9,9,0
49,51.0,Sawai Mansingh Stadium,Rajasthan Royals,2018-04-29,,25.55,0,4.0,30,7.5,-,-,0
50,52.0,Rajiv Gandhi International Stadium,Delhi Capitals,2018-05-05,,26.22,0,4.0,34,8.5,-,-,0
51,53.0,Rajiv Gandhi International Stadium,Royal Challengers Bangalore,2018-05-07,52.0,25.91,2,4.0,36,9.0,18,12,0
52,54.0,Arun Jaitley Stadium,Delhi Capitals,2018-05-10,54.0,25.45,2,4.0,27,6.75,13.5,12,0
53,55.0,Maharashtra Cricket Association Stadium,Chennai Super Kings,2018-05-13,,26.2,0,4.0,41,10.25,-,-,0
54,56.0,M Chinnaswamy Stadium,Royal Challengers Bangalore,2018-05-17,,26.84,0,4.0,35,8.75,-,-,0
55,57.0,Rajiv Gandhi International Stadium,Kolkata Knight Riders,2018-05-19,56.0,26.89,1,3.0,30,10.0,30,18,0
56,58.0,Wankhede Stadium,Chennai Super Kings,2018-05-22,,27.25,0,2.0,20,10.0,-,-,0
57,59.0,Eden Gardens,Kolkata Knight Riders,2018-05-25,57.0,27.05,1,3.0,16,5.33,16,18,0
58,60.0,Wankhede Stadium,Chennai Super Kings,2018-05-27,,27.32,0,1.0,15,15.0,-,-,0
59,61.0,Eden Gardens,Kolkata Knight Riders,2019-03-24,58.0,27.57,1,3.4,42,11.45,42,22,0
60,62.0,MA Chidambaram Stadium,Chennai Super Kings,2019-04-23,,28.03,0,4.0,27,6.75,-,-,0
61,63.0,Sawai Mansingh Stadium,Rajasthan Royals,2019-04-27,59.0,28.0,1,3.1,26,8.21,26,19,0
